1,30-DEC-2004 01:00:00,1,1,74,2,3,6500,0,9500,594,6320,147
1,30-DEC-2004 01:00:04,2,3,123,2,2,750,0,770,260
1,30-DEC-2004 01:00:08,3,2,86,2,2,900,0,780,269
1,30-DEC-2004 01:00:08,4,1,94,2,2,930,0,1010,281
2,30-DEC-2004 01:00:11,1,2,78,2,2,810,0,770,262
1,30-DEC-2004 01:00:14,5,1,84,2,2,560,0,400,230
1,30-DEC-2004 01:00:20,6,2,103,2,2,1140,0,1040,269
1,30-DEC-2004 01:00:21,7,1,103,8,2,5820,0,11950,579
2,30-DEC-2004 01:00:19,2,3,123,2,2,310,0,310,249
2,30-DEC-2004 01:00:20,3,2,88,2,2,890,0,980,276
1,30-DEC-2004 01:00:31,8,2,99,2,2,1000,0,1150,286
1,30-DEC-2004 01:00:47,9,2,103,2,2,1020,0,690,269
2,30-DEC-2004 01:00:45,4,1,66,8,3,5350,0,5680,515,8150,140
2,30-DEC-2004 01:00:50,5,2,99,2,2,940,0,990,273
1,30-DEC-2004 01:00:52,10,1,78,6,2,4760,0,6690,603
1,30-DEC-2004 01:00:58,11,1,72,2,3,7120,0,5600,589,9690,162
2,30-DEC-2004 01:01:02,6,2,96,2,2,1440,0,1350,289
2,30-DEC-2004 01:01:11,7,2,94,2,2,840,0,950,269
1,30-DEC-2004 01:01:12,12,1,84,7,4,6110,0,5270,346,2780,451,3340,125
2,30-DEC-2004 01:01:14,8,3,96,2,2,1160,0,1110,301
1,30-DEC-2004 01:01:18,13,2,86,2,2,900,0,1090,269
1,30-DEC-2004 01:01:21,14,2,94,2,2,860,0,980,269
1,30-DEC-2004 01:01:22,15,1,79,2,2,710,0,480,258
2,30-DEC-2004 01:01:22,9,1,66,7,5,6660,0,7510,273,6460,607,4330,115,4170,107
2,30-DEC-2004 01:01:24,10,1,71,2,2,310,0,310,249
1,30-DEC-2004 01:01:27,16,3,110,2,2,630,0,680,274
1,30-DEC-2004 01:01:31,17,2,103,2,2,990,0,940,256
1,30-DEC-2004 01:01:41,18,2,86,2,2,1170,0,1360,269
2,30-DEC-2004 01:01:41,11,2,74,2,2,1630,0,1130,250
2,30-DEC-2004 01:01:46,12,1,65,2,2,310,0,310,249
1,30-DEC-2004 01:01:53,19,1,88,6,2,4370,0,4450,643
2,30-DEC-2004 01:01:54,13,1,114,2,2,310,0,310,249
1,30-DEC-2004 01:01:57,20,3,57,2,2,310,0,310,249
1,30-DEC-2004 01:01:57,21,2,69,8,3,5440,0,7790,546,5600,146
1,30-DEC-2004 01:02:00,22,1,65,7,5,5480,0,4290,513,8140,162,830,249,520,268
2,30-DEC-2004 01:02:04,14,2,127,2,2,310,0,310,249
1,30-DEC-2004 01:02:06,23,1,65,2,2,310,0,310,249
2,30-DEC-2004 01:02:08,15,2,86,2,2,830,0,490,247
1,30-DEC-2004 01:02:11,24,1,65,2,2,310,0,310,249
1,30-DEC-2004 01:02:17,25,1,65,2,2,310,0,310,249
1,30-DEC-2004 01:02:20,26,1,4,2,2,310,0,310,249
1,30-DEC-2004 01:02:28,27,2,82,2,2,860,0,970,286
2,30-DEC-2004 01:02:29,16,1,71,7,5,7220,0,11390,301,6660,674,6500,114,7460,123
1,30-DEC-2004 01:02:35,28,2,88,2,2,1330,0,1710,276
1,30-DEC-2004 01:02:35,29,1,66,5,2,4150,0,6710,590
1,30-DEC-2004 01:02:37,30,3,123,3,2,940,0,1060,321
1,30-DEC-2004 01:02:44,31,1,72,2,2,940,0,730,244
1,30-DEC-2004 01:02:44,32,2,94,2,2,810,0,570,234
1,30-DEC-2004 01:02:48,33,1,78,2,3,6490,0,9780,574,6380,174
1,30-DEC-2004 01:02:53,34,1,74,8,3,5540,0,5570,519,8790,175
1,30-DEC-2004 01:02:55,35,1,66,2,2,820,0,550,257
1,30-DEC-2004 01:02:59,36,2,78,2,2,850,0,930,272
2,30-DEC-2004 01:03:00,17,2,86,2,2,1330,0,1220,290
1,30-DEC-2004 01:03:03,37,2,103,2,2,1480,0,1630,256
2,30-DEC-2004 01:03:04,18,1,86,2,2,310,0,310,249
2,30-DEC-2004 01:03:06,19,2,94,2,2,1330,0,980,257
1,30-DEC-2004 01:03:08,38,2,103,2,2,1020,0,640,256
1,30-DEC-2004 01:03:11,39,1,88,2,2,860,0,610,265
1,30-DEC-2004 01:03:15,40,1,78,2,2,1320,0,1190,262
1,30-DEC-2004 01:03:23,41,1,74,7,5,6360,0,6520,352,4120,742,3610,138,3580,129
2,30-DEC-2004 01:03:22,20,1,69,7,5,6510,0,6160,311,4130,668,3130,129,5190,120
1,30-DEC-2004 01:03:28,42,1,76,2,3,5910,0,4820,598,8790,170
1,30-DEC-2004 01:03:30,43,1,69,2,2,1060,0,740,259
1,30-DEC-2004 01:03:33,44,1,69,2,3,4880,0,9240,572,5150,138
2,30-DEC-2004 01:03:34,21,2,79,2,2,1340,0,930,248
1,30-DEC-2004 01:03:43,45,1,110,2,2,970,0,1100,288
1,30-DEC-2004 01:03:44,46,1,110,2,2,1040,0,810,288
2,30-DEC-2004 01:03:43,22,1,94,2,2,310,0,310,249
1,30-DEC-2004 01:03:45,47,2,96,2,2,1190,0,830,265
1,30-DEC-2004 01:03:46,48,2,91,2,2,700,0,450,250
2,30-DEC-2004 01:03:46,23,2,86,7,5,6960,0,10580,355,5900,690,6480,139,6580,128
1,30-DEC-2004 01:03:55,49,3,106,2,2,900,0,780,238
1,30-DEC-2004 01:03:55,50,1,99,2,2,970,0,1060,273
1,30-DEC-2004 01:03:57,51,2,84,2,2,1330,0,1190,304
2,30-DEC-2004 01:04:02,24,1,106,2,2,310,0,310,249
1,30-DEC-2004 01:04:05,52,2,91,2,2,920,0,1070,273
1,30-DEC-2004 01:04:07,53,1,88,2,2,840,0,620,276
1,30-DEC-2004 01:04:10,54,1,74,2,2,670,0,500,240
2,30-DEC-2004 01:04:08,25,2,86,2,2,770,0,850,269
2,30-DEC-2004 01:04:11,26,1,88,2,2,310,0,310,249
1,30-DEC-2004 01:04:12,55,1,76,2,2,1030,0,750,265
1,30-DEC-2004 01:04:14,56,1,79,2,2,910,0,910,298
1,30-DEC-2004 01:04:16,57,1,82,2,2,790,0,470,265
2,30-DEC-2004 01:04:14,27,1,82,2,2,310,0,310,249
1,30-DEC-2004 01:04:18,58,2,103,2,2,310,0,310,249
1,30-DEC-2004 01:04:18,59,1,91,2,2,920,0,640,261
1,30-DEC-2004 01:04:24,60,2,96,2,2,1000,0,1010,253
1,30-DEC-2004 01:04:27,61,1,106,2,2,820,0,850,278
2,30-DEC-2004 01:04:33,28,2,74,2,2,950,0,930,268
2,30-DEC-2004 01:04:39,29,2,94,2,2,970,0,500,245
1,30-DEC-2004 01:04:43,62,1,84,5,2,5020,0,7700,598
1,30-DEC-2004 01:04:46,63,2,86,2,2,940,0,810,280
1,30-DEC-2004 01:04:49,64,2,88,2,2,860,0,1070,276
1,30-DEC-2004 01:04:51,65,2,88,2,2,860,0,980,276
2,30-DEC-2004 01:04:52,30,2,103,8,2,5100,0,10530,592
2,30-DEC-2004 01:04:52,31,1,27,2,2,310,0,310,249
1,30-DEC-2004 01:04:54,66,1,62,2,2,940,0,570,265
1,30-DEC-2004 01:04:56,67,1,78,6,4,4240,0,4650,184,5350,379,3950,135
1,30-DEC-2004 01:04:57,68,2,91,2,2,750,0,610,261
1,30-DEC-2004 01:04:57,69,1,84,4,2,910,0,850,241
2,30-DEC-2004 01:05:03,32,2,91,2,2,950,0,910,261
1,30-DEC-2004 01:05:03,70,2,84,2,2,1010,0,760,272
1,30-DEC-2004 01:05:04,71,3,114,2,2,530,0,660,284
2,30-DEC-2004 01:05:04,33,1,79,2,2,310,0,310,249
1,30-DEC-2004 01:05:06,72,1,94,2,2,900,0,1040,281
1,30-DEC-2004 01:05:10,73,1,84,7,5,5600,0,5070,335,3380,756,1510,135,3800,135
1,30-DEC-2004 01:05:13,74,3,86,2,2,670,0,770,269
1,30-DEC-2004 01:05:15,75,1,86,2,2,790,0,770,290
1,30-DEC-2004 01:05:17,76,2,94,2,2,900,0,1020,269
2,30-DEC-2004 01:05:23,34,2,84,2,2,1220,0,840,272
2,30-DEC-2004 01:05:30,35,1,68,2,2,2600,0,3570,279
2,30-DEC-2004 01:05:41,36,2,91,2,2,1020,0,990,273
2,30-DEC-2004 01:05:44,37,1,66,2,2,310,0,310,249
1,30-DEC-2004 01:05:50,77,2,94,2,2,750,0,430,269
1,30-DEC-2004 01:05:50,78,3,88,4,2,1020,0,730,254
1,30-DEC-2004 01:05:51,79,1,84,8,2,5330,0,9840,609
2,30-DEC-2004 01:05:50,38,3,118,2,2,1200,0,1250,265
2,30-DEC-2004 01:05:51,39,2,94,2,2,1530,0,1540,245
1,30-DEC-2004 01:05:51,80,2,96,2,2,1090,0,770,277
1,30-DEC-2004 01:05:53,81,2,114,2,2,1060,0,1260,298
1,30-DEC-2004 01:05:55,82,1,94,2,2,740,0,910,293
2,30-DEC-2004 01:05:54,40,2,91,2,2,830,0,880,273
2,30-DEC-2004 01:05:58,41,1,68,7,4,6490,0,10390,288,8730,637,8320,109
2,30-DEC-2004 01:05:59,42,1,69,2,2,310,0,310,249
1,30-DEC-2004 01:06:00,83,1,91,4,2,920,0,1050,296
1,30-DEC-2004 01:06:03,84,3,103,2,2,310,0,310,249
1,30-DEC-2004 01:06:03,85,2,110,4,2,1060,0,820,288
1,30-DEC-2004 01:06:03,86,1,86,9,4,4360,0,4740,193,6450,355,4920,139
1,30-DEC-2004 01:06:06,87,2,74,2,2,1560,0,1320,259
1,30-DEC-2004 01:06:17,88,1,94,2,2,970,0,650,257
1,30-DEC-2004 01:06:22,89,2,96,2,2,910,0,960,277
1,30-DEC-2004 01:06:24,90,1,91,2,2,1580,0,1580,296
1,30-DEC-2004 01:06:25,91,2,110,2,2,1120,0,960,261
1,30-DEC-2004 01:06:27,92,1,88,8,2,4970,0,6840,621
1,30-DEC-2004 01:06:27,93,2,96,2,2,920,0,1070,265
1,30-DEC-2004 01:06:36,94,2,88,2,2,880,0,1020,265
1,30-DEC-2004 01:06:45,95,2,110,2,2,940,0,960,288
1,30-DEC-2004 01:06:46,96,1,110,2,2,1070,0,1230,274
1,30-DEC-2004 01:06:50,97,1,106,2,2,1340,0,1660,292
2,30-DEC-2004 01:06:49,43,2,86,2,2,910,0,930,269
2,30-DEC-2004 01:06:54,44,1,106,2,2,310,0,310,249
2,30-DEC-2004 01:06:54,45,3,118,2,2,820,0,850,265
2,30-DEC-2004 01:06:57,46,2,114,2,2,1010,0,950,284
1,30-DEC-2004 01:06:57,98,1,76,2,3,5380,0,4680,598,7620,170
1,30-DEC-2004 01:06:59,99,1,82,4,2,860,0,930,286
2,30-DEC-2004 01:06:59,47,2,96,2,2,730,0,540,253
2,30-DEC-2004 01:07:00,48,3,118,2,2,310,0,310,249
2,30-DEC-2004 01:07:00,49,2,103,2,2,310,0,310,249
1,30-DEC-2004 01:07:03,100,1,91,2,2,1330,0,1620,284
1,30-DEC-2004 01:07:12,101,2,96,2,2,900,0,1000,265
1,30-DEC-2004 01:07:12,102,3,94,2,2,640,0,710,269
1,30-DEC-2004 01:07:15,103,2,86,2,2,860,0,580,258
2,30-DEC-2004 01:07:14,50,2,79,2,2,1200,0,1020,278
2,30-DEC-2004 01:07:15,51,3,96,2,2,840,0,940,277
1,30-DEC-2004 01:07:20,104,2,94,2,2,1150,0,880,281
2,30-DEC-2004 01:07:20,52,1,68,7,6,5640,0,5640,296,4380,109,5390,577,4990,118,5330,126
2,30-DEC-2004 01:07:20,53,1,69,9,2,1640,0,1200,277
1,30-DEC-2004 01:07:23,105,1,78,2,2,920,0,690,272
2,30-DEC-2004 01:07:23,54,2,78,2,2,930,0,930,272
1,30-DEC-2004 01:07:28,106,3,99,2,2,580,0,570,261
2,30-DEC-2004 01:07:28,55,2,106,2,2,1390,0,1170,292
1,30-DEC-2004 01:07:31,107,3,91,2,2,760,0,800,250
1,30-DEC-2004 01:07:31,108,2,84,5,2,2460,0,4000,367
1,30-DEC-2004 01:07:33,109,1,71,2,3,5870,0,9620,549,5350,141
1,30-DEC-2004 01:07:33,110,2,88,6,4,3910,0,4280,176,5360,354,5170,132
1,30-DEC-2004 01:07:39,111,1,96,3,2,930,0,1090,314
1,30-DEC-2004 01:07:45,112,3,118,2,2,940,0,950,265
1,30-DEC-2004 01:07:45,113,2,94,2,2,1080,0,860,269
1,30-DEC-2004 01:07:47,114,1,123,2,2,1300,0,1260,291
1,30-DEC-2004 01:07:51,115,1,84,2,2,1400,0,1270,272
2,30-DEC-2004 01:07:53,56,1,66,2,2,310,0,310,249
2,30-DEC-2004 01:07:56,57,2,94,2,2,800,0,960,269
1,30-DEC-2004 01:08:00,116,2,103,2,2,580,0,720,347
1,30-DEC-2004 01:08:00,117,1,86,2,2,910,0,1170,290
2,30-DEC-2004 01:08:00,58,1,66,7,5,6970,0,12250,282,12120,623,8400,123,5580,115
1,30-DEC-2004 01:08:02,118,1,94,2,2,490,0,860,293
1,30-DEC-2004 01:08:03,119,1,96,2,2,880,0,980,289
1,30-DEC-2004 01:08:04,120,2,88,2,2,830,0,910,287
1,30-DEC-2004 01:08:08,121,1,79,6,3,6110,0,4860,538,3920,138
1,30-DEC-2004 01:08:08,122,1,110,3,2,820,0,1010,440
2,30-DEC-2004 01:08:08,59,1,65,7,5,6550,0,9550,276,7470,619,6660,121,6970,105
1,30-DEC-2004 01:08:14,123,1,88,4,2,1010,0,670,265
1,30-DEC-2004 01:08:14,124,2,91,4,2,1220,0,820,273
1,30-DEC-2004 01:08:17,125,2,84,8,2,6370,0,10870,556
1,30-DEC-2004 01:08:20,126,1,91,2,2,1400,0,1380,284
2,30-DEC-2004 01:08:21,60,1,76,2,2,310,0,310,249
1,30-DEC-2004 01:08:29,127,2,88,2,2,960,0,940,276
1,30-DEC-2004 01:08:43,128,2,96,2,2,950,0,910,289
1,30-DEC-2004 01:08:44,129,1,88,2,2,730,0,570,254
2,30-DEC-2004 01:08:45,61,2,84,2,2,910,0,780,272
1,30-DEC-2004 01:08:47,130,1,88,2,2,890,0,530,254
1,30-DEC-2004 01:08:51,131,1,103,2,2,1020,0,690,256
2,30-DEC-2004 01:08:53,62,1,84,2,2,310,0,310,249
2,30-DEC-2004 01:08:56,63,2,118,2,2,310,0,310,249
1,30-DEC-2004 01:08:59,132,2,114,2,2,1010,0,1010,270
1,30-DEC-2004 01:09:01,133,3,114,2,2,640,0,620,270
1,30-DEC-2004 01:09:02,134,2,96,2,2,760,0,1170,229
1,30-DEC-2004 01:09:03,135,2,96,2,2,880,0,870,289
1,30-DEC-2004 01:09:07,136,1,74,2,3,5590,0,8550,612,5570,157
1,30-DEC-2004 01:09:08,137,2,82,2,2,980,0,730,265
2,30-DEC-2004 01:09:07,64,3,110,2,2,780,0,840,274
2,30-DEC-2004 01:09:13,65,2,88,2,2,310,0,310,249
1,30-DEC-2004 01:09:15,138,1,84,2,2,1040,0,1090,272
2,30-DEC-2004 01:09:14,66,3,88,2,2,910,0,580,265
1,30-DEC-2004 01:09:17,139,1,88,2,2,770,0,780,298
2,30-DEC-2004 01:09:17,67,1,74,9,2,900,0,900,250
2,30-DEC-2004 01:09:19,68,1,78,2,2,310,0,310,249
2,30-DEC-2004 01:09:22,69,2,82,2,2,860,0,980,275
2,30-DEC-2004 01:09:31,70,3,79,2,2,800,0,850,268
2,30-DEC-2004 01:09:32,71,2,88,2,2,940,0,1140,276
2,30-DEC-2004 01:09:32,72,1,66,2,2,310,0,310,249
1,30-DEC-2004 01:09:34,140,1,99,4,2,730,0,990,286
1,30-DEC-2004 01:09:35,141,2,103,4,2,1000,0,1270,295
2,30-DEC-2004 01:09:37,73,1,69,7,5,6070,0,7710,294,5970,624,4330,112,4970,112
1,30-DEC-2004 01:09:39,142,1,82,2,2,930,0,840,265
1,30-DEC-2004 01:09:47,143,2,96,4,2,920,0,970,289
1,30-DEC-2004 01:09:48,144,1,94,4,2,960,0,1010,281
2,30-DEC-2004 01:09:46,74,2,86,2,2,1010,0,930,269
2,30-DEC-2004 01:09:58,75,2,86,2,2,740,0,440,258
2,30-DEC-2004 01:10:02,76,3,118,2,2,1050,0,830,265
1,30-DEC-2004 01:10:04,145,1,103,2,2,1020,0,860,269
1,30-DEC-2004 01:10:05,146,2,110,2,2,920,0,870,274
1,30-DEC-2004 01:10:06,147,2,106,2,2,1200,0,950,278
2,30-DEC-2004 01:10:04,77,3,118,2,2,1010,0,840,280
2,30-DEC-2004 01:10:05,78,2,99,2,2,880,0,950,261
2,30-DEC-2004 01:10:06,79,1,66,2,2,310,0,310,249
1,30-DEC-2004 01:10:12,148,2,86,2,2,1100,0,810,269
1,30-DEC-2004 01:10:13,149,1,79,5,2,4480,0,6610,568
2,30-DEC-2004 01:10:14,80,2,94,2,2,1030,0,850,257
1,30-DEC-2004 01:10:16,150,1,94,2,2,700,0,780,293
2,30-DEC-2004 01:10:18,81,1,66,7,5,6650,0,7670,323,4940,623,5290,115,6430,115
1,30-DEC-2004 01:10:19,151,2,82,2,2,960,0,890,286
1,30-DEC-2004 01:10:26,152,2,91,2,2,890,0,620,238
1,30-DEC-2004 01:10:27,153,3,96,2,2,820,0,550,265
1,30-DEC-2004 01:10:32,154,1,96,2,2,1010,0,760,277
1,30-DEC-2004 01:10:38,155,1,94,2,2,950,0,1030,281
1,30-DEC-2004 01:10:44,156,1,91,7,3,6400,0,5430,501,5200,147
1,30-DEC-2004 01:10:45,157,2,78,4,2,2090,0,3280,379
1,30-DEC-2004 01:10:46,158,1,88,5,2,2950,0,4120,387
1,30-DEC-2004 01:10:48,159,2,79,2,2,900,0,610,278
2,30-DEC-2004 01:10:54,82,3,106,2,2,310,0,310,249
2,30-DEC-2004 01:10:54,83,2,110,4,2,1390,0,1190,261
2,30-DEC-2004 01:10:55,84,2,86,2,2,1000,0,710,258
1,30-DEC-2004 01:10:57,160,2,103,2,2,1070,0,830,269
1,30-DEC-2004 01:10:57,161,1,82,2,2,1040,0,1120,286
1,30-DEC-2004 01:11:01,162,1,84,2,2,1060,0,680,262
1,30-DEC-2004 01:11:02,163,2,86,2,2,910,0,1250,269
2,30-DEC-2004 01:11:04,85,2,74,2,2,990,0,710,259
1,30-DEC-2004 01:11:08,164,1,78,2,2,750,0,800,272
1,30-DEC-2004 01:11:08,165,2,88,2,2,730,0,440,232
1,30-DEC-2004 01:11:09,166,3,94,2,2,770,0,610,245
1,30-DEC-2004 01:11:09,167,1,91,2,2,750,0,830,284
1,30-DEC-2004 01:11:10,168,2,78,2,2,630,0,400,233
2,30-DEC-2004 01:11:08,86,2,84,2,2,1080,0,660,251
1,30-DEC-2004 01:11:11,169,2,79,2,2,1130,0,750,268
2,30-DEC-2004 01:11:10,87,2,94,2,2,310,0,310,249
2,30-DEC-2004 01:11:11,88,3,114,2,2,1200,0,1000,298
2,30-DEC-2004 01:11:11,89,2,110,2,2,310,0,310,249
2,30-DEC-2004 01:11:14,90,2,103,2,2,310,0,310,249
2,30-DEC-2004 01:11:16,91,2,94,2,2,310,0,310,249
2,30-DEC-2004 01:11:18,92,1,74,7,4,6140,0,5260,268,4080,361,2440,119
1,30-DEC-2004 01:11:21,170,3,94,2,2,650,0,410,245
1,30-DEC-2004 01:11:24,171,3,123,2,2,740,0,740,260
1,30-DEC-2004 01:11:25,172,1,79,5,2,2790,0,3560,338
1,30-DEC-2004 01:11:25,173,2,78,2,2,890,0,600,262
2,30-DEC-2004 01:11:26,93,2,79,2,2,860,0,800,278
1,30-DEC-2004 01:11:29,174,1,86,2,2,1180,0,1130,258
1,30-DEC-2004 01:11:30,175,3,99,2,2,770,0,680,273
1,30-DEC-2004 01:11:31,176,1,86,2,2,860,0,610,269
2,30-DEC-2004 01:11:32,94,2,79,2,2,990,0,1210,288
1,30-DEC-2004 01:11:35,177,1,76,2,3,5970,0,9500,608,6270,160
1,30-DEC-2004 01:11:40,178,2,96,2,2,760,0,960,277
2,30-DEC-2004 01:11:42,95,2,91,2,2,830,0,860,273
2,30-DEC-2004 01:11:46,96,1,65,7,4,7320,0,9420,309,9270,660,10560,113
1,30-DEC-2004 01:11:49,179,1,68,5,2,4240,0,7220,586
2,30-DEC-2004 01:11:53,97,2,69,2,2,880,0,750,268
2,30-DEC-2004 01:11:53,98,1,68,7,5,7140,0,8540,322,5660,594,4990,118,6210,118
2,30-DEC-2004 01:11:54,99,2,177,8,2,1210,0,1010,709
1,30-DEC-2004 01:11:55,180,1,79,5,2,3900,0,6620,578
2,30-DEC-2004 01:11:56,100,3,94,2,2,930,0,890,281
1,30-DEC-2004 01:11:57,181,1,76,6,2,5620,0,7450,617
1,30-DEC-2004 01:11:58,182,2,82,5,2,4090,0,7320,562
1,30-DEC-2004 01:12:04,183,1,74,4,2,2140,0,3090,352
1,30-DEC-2004 01:12:04,184,2,82,2,2,1270,0,1020,275
1,30-DEC-2004 01:12:08,185,2,94,2,2,950,0,990,281
2,30-DEC-2004 01:12:06,101,2,86,2,2,890,0,600,236
2,30-DEC-2004 01:12:08,102,2,94,2,2,830,0,540,234
1,30-DEC-2004 01:12:11,186,3,103,2,2,640,0,680,269
2,30-DEC-2004 01:12:11,103,1,63,7,4,6020,0,5450,270,3760,342,3250,102
1,30-DEC-2004 01:12:14,187,1,94,2,2,890,0,840,269
2,30-DEC-2004 01:12:13,104,2,96,2,2,1710,0,1700,253
1,30-DEC-2004 01:12:17,188,2,103,2,2,900,0,1100,282
2,30-DEC-2004 01:12:18,105,1,60,7,6,5810,0,7450,255,5640,104,5260,527,5210,104,8250,104
1,30-DEC-2004 01:12:21,189,2,78,2,2,1000,0,810,272
1,30-DEC-2004 01:12:22,190,1,82,2,2,1140,0,1000,286
1,30-DEC-2004 01:12:24,191,3,103,2,2,830,0,480,244
2,30-DEC-2004 01:12:23,106,1,69,6,2,1500,0,3770,477
1,30-DEC-2004 01:12:24,192,1,76,2,3,6300,0,9460,608,6390,151
1,30-DEC-2004 01:12:25,193,2,86,2,2,930,0,750,290
1,30-DEC-2004 01:12:25,194,1,110,4,2,1110,0,860,371
2,30-DEC-2004 01:12:25,107,1,69,2,2,310,0,310,249
2,30-DEC-2004 01:12:28,108,2,79,2,2,1490,0,1080,248
1,30-DEC-2004 01:12:33,195,2,94,2,2,920,0,1090,269
1,30-DEC-2004 01:12:34,196,3,91,2,2,660,0,720,284
2,30-DEC-2004 01:12:33,109,2,96,2,2,1060,0,740,265
1,30-DEC-2004 01:12:35,197,1,69,8,3,6590,0,6070,581,8920,164
1,30-DEC-2004 01:12:35,198,2,72,3,2,4400,0,7270,489
1,30-DEC-2004 01:12:39,199,2,91,5,2,2610,0,3180,341
2,30-DEC-2004 01:12:43,110,1,82,2,2,310,0,310,249
1,30-DEC-2004 01:12:55,200,3,91,2,2,980,0,700,261
1,30-DEC-2004 01:12:58,201,1,99,2,2,790,0,960,286
1,30-DEC-2004 01:12:59,202,3,106,2,2,870,0,470,238
1,30-DEC-2004 01:13:04,203,1,84,2,2,890,0,590,251
1,30-DEC-2004 01:13:10,204,3,110,2,2,740,0,860,261
1,30-DEC-2004 01:13:10,205,2,84,2,2,900,0,1010,283
1,30-DEC-2004 01:13:11,206,2,86,2,2,900,0,950,269
1,30-DEC-2004 01:13:14,207,2,79,2,2,830,0,550,258
1,30-DEC-2004 01:13:15,208,1,62,2,2,1350,0,1170,281
1,30-DEC-2004 01:13:15,209,2,82,2,2,710,0,530,255
1,30-DEC-2004 01:13:16,210,1,66,2,3,5300,0,4680,582,7570,165
1,30-DEC-2004 01:13:18,211,3,99,2,2,830,0,770,286
1,30-DEC-2004 01:13:19,212,2,82,2,2,720,0,530,245
1,30-DEC-2004 01:13:19,213,1,78,2,2,900,0,1060,272
2,30-DEC-2004 01:13:22,111,1,65,7,5,4950,0,8190,260,4290,717,3990,113,4050,113
2,30-DEC-2004 01:13:22,112,2,96,2,2,1160,0,790,253
1,30-DEC-2004 01:13:25,214,2,88,2,2,1020,0,610,254
1,30-DEC-2004 01:13:26,215,1,84,2,2,720,0,770,283
2,30-DEC-2004 01:13:27,113,3,96,2,2,1270,0,1100,289
1,30-DEC-2004 01:13:32,216,1,69,2,2,1040,0,1150,285
2,30-DEC-2004 01:13:32,114,2,88,4,2,2640,0,2840,332
1,30-DEC-2004 01:13:34,217,2,91,2,2,1290,0,980,261
1,30-DEC-2004 01:13:42,218,1,94,2,2,890,0,910,293
2,30-DEC-2004 01:13:42,115,1,62,2,2,310,0,310,249
2,30-DEC-2004 01:13:48,116,2,103,2,2,1240,0,1780,269
2,30-DEC-2004 01:14:06,117,2,96,2,2,860,0,940,277
1,30-DEC-2004 01:14:08,219,1,91,2,2,950,0,1030,273
2,30-DEC-2004 01:14:29,118,2,88,2,2,680,0,660,265
1,30-DEC-2004 01:14:31,220,2,65,2,2,650,0,380,251
1,30-DEC-2004 01:14:32,221,1,84,2,2,830,0,870,304
2,30-DEC-2004 01:14:37,119,1,76,2,2,310,0,310,249
1,30-DEC-2004 01:14:46,222,2,118,4,2,840,0,930,280
1,30-DEC-2004 01:14:48,223,2,99,2,2,720,0,520,236
1,30-DEC-2004 01:14:50,224,1,99,2,2,990,0,890,298
1,30-DEC-2004 01:14:51,225,1,94,2,2,770,0,810,281
1,30-DEC-2004 01:14:56,226,1,79,2,2,1230,0,880,308
1,30-DEC-2004 01:14:57,227,1,76,2,2,820,0,980,284
1,30-DEC-2004 01:15:02,228,2,96,2,2,1250,0,1310,229
1,30-DEC-2004 01:15:04,229,2,94,2,2,950,0,1100,269
1,30-DEC-2004 01:15:06,230,1,94,2,2,970,0,1080,281
1,30-DEC-2004 01:15:13,231,1,86,2,2,790,0,540,269
1,30-DEC-2004 01:15:15,232,1,65,2,2,1400,0,1530,276
1,30-DEC-2004 01:15:15,233,2,72,2,2,860,0,550,253
2,30-DEC-2004 01:15:15,120,1,88,2,2,310,0,310,249
2,30-DEC-2004 01:15:15,121,2,88,4,2,1120,0,970,265
1,30-DEC-2004 01:15:18,234,2,76,2,2,890,0,910,275
1,30-DEC-2004 01:15:18,235,1,78,2,2,950,0,820,262
2,30-DEC-2004 01:15:20,122,2,91,2,2,910,0,930,273
2,30-DEC-2004 01:15:20,123,2,94,2,2,310,0,310,249
2,30-DEC-2004 01:15:25,124,2,84,2,2,860,0,870,283
2,30-DEC-2004 01:15:27,125,3,94,2,2,990,0,780,245
2,30-DEC-2004 01:15:28,126,2,86,6,2,3010,0,4140,377
2,30-DEC-2004 01:15:28,127,1,86,2,2,310,0,310,249
2,30-DEC-2004 01:15:33,128,3,103,2,2,810,0,770,269
2,30-DEC-2004 01:15:36,129,1,86,9,2,6990,0,12580,528
1,30-DEC-2004 01:15:39,236,2,91,2,2,960,0,1160,261
1,30-DEC-2004 01:15:44,237,1,82,2,2,1100,0,780,275
1,30-DEC-2004 01:15:45,238,2,82,2,2,1230,0,1320,296
2,30-DEC-2004 01:15:46,130,3,94,2,2,950,0,740,257
2,30-DEC-2004 01:15:48,131,2,79,7,4,5620,0,4040,308,3270,388,2490,118
2,30-DEC-2004 01:15:49,132,1,60,2,2,310,0,310,249
1,30-DEC-2004 01:15:54,239,2,84,2,2,1290,0,1460,262
1,30-DEC-2004 01:16:02,240,3,94,2,2,700,0,650,245
1,30-DEC-2004 01:16:02,241,1,79,7,5,4530,0,4920,358,2730,798,2650,138,1990,148
1,30-DEC-2004 01:16:04,242,1,91,2,2,1060,0,1060,250
1,30-DEC-2004 01:16:07,243,2,82,2,2,1100,0,910,275
2,30-DEC-2004 01:16:07,133,2,84,2,2,920,0,1060,272
1,30-DEC-2004 01:16:09,244,2,106,2,2,690,0,1650,265
1,30-DEC-2004 01:16:10,245,3,110,2,2,1360,0,1070,274
2,30-DEC-2004 01:16:16,134,2,110,4,2,2260,0,3210,329
2,30-DEC-2004 01:16:18,135,2,106,2,2,860,0,990,278
2,30-DEC-2004 01:16:20,136,2,99,2,2,310,0,310,249
2,30-DEC-2004 01:16:20,137,3,94,2,2,310,0,310,249
2,30-DEC-2004 01:16:20,138,3,94,2,2,870,0,810,269
1,30-DEC-2004 01:16:22,246,1,84,7,5,6090,0,6650,388,2700,777,2940,146,4770,146
1,30-DEC-2004 01:16:22,247,2,86,2,2,960,0,1110,280
1,30-DEC-2004 01:16:24,248,1,88,2,2,780,0,980,287
2,30-DEC-2004 01:16:27,139,2,110,2,2,310,0,310,249
1,30-DEC-2004 01:16:30,249,2,79,2,2,1030,0,810,268
1,30-DEC-2004 01:16:44,250,2,114,2,2,750,0,530,298
1,30-DEC-2004 01:16:44,251,1,99,2,2,1210,0,800,261
1,30-DEC-2004 01:16:45,252,1,99,2,2,1350,0,1840,286
1,30-DEC-2004 01:16:49,253,3,123,2,2,740,0,860,275
2,30-DEC-2004 01:16:52,140,2,84,2,2,820,0,920,283
1,30-DEC-2004 01:16:56,254,1,94,2,2,890,0,1040,293
1,30-DEC-2004 01:16:58,255,2,123,2,2,910,0,870,275
2,30-DEC-2004 01:17:01,141,2,74,2,2,1170,0,750,259
2,30-DEC-2004 01:17:02,142,3,91,2,2,840,0,650,250
1,30-DEC-2004 01:17:06,256,2,94,8,2,5890,0,10390,575
2,30-DEC-2004 01:17:06,143,2,86,2,2,960,0,630,247
2,30-DEC-2004 01:17:06,144,3,103,2,2,1210,0,1150,308
2,30-DEC-2004 01:17:09,145,1,84,2,2,310,0,310,249
1,30-DEC-2004 01:17:14,257,1,94,2,2,940,0,1030,281
1,30-DEC-2004 01:17:14,258,2,74,2,2,1090,0,1050,277
2,30-DEC-2004 01:17:20,146,1,71,2,2,310,0,310,249
1,30-DEC-2004 01:17:26,259,3,114,2,2,480,0,300,256
1,30-DEC-2004 01:17:27,260,1,94,2,2,9310,0,6240,198
1,30-DEC-2004 01:17:27,261,2,91,2,2,940,0,1000,261
2,30-DEC-2004 01:17:31,147,1,65,8,2,2980,0,6230,415
1,30-DEC-2004 01:17:31,262,2,79,2,2,830,0,780,258
1,30-DEC-2004 01:17:32,263,1,94,2,2,310,0,310,249
2,30-DEC-2004 01:17:38,148,1,74,2,2,310,0,310,249
2,30-DEC-2004 01:17:39,149,1,79,2,2,310,0,310,249
1,30-DEC-2004 01:17:44,264,1,94,7,6,1190,0,1120,304,1730,249,2460,434,4650,249,6840,716
2,30-DEC-2004 01:17:43,150,2,96,2,2,890,0,940,277
2,30-DEC-2004 01:17:45,151,2,82,2,2,860,0,550,255
1,30-DEC-2004 01:17:51,265,2,68,2,2,830,0,630,262
1,30-DEC-2004 01:17:51,266,1,94,2,2,1110,0,880,245
1,30-DEC-2004 01:17:58,267,2,72,2,2,810,0,840,289
1,30-DEC-2004 01:17:59,268,1,99,2,2,910,0,930,298
1,30-DEC-2004 01:18:01,269,2,96,2,2,820,0,1010,265
1,30-DEC-2004 01:18:01,270,1,99,2,2,860,0,630,248
1,30-DEC-2004 01:18:04,271,2,94,2,2,1570,0,1320,257
2,30-DEC-2004 01:18:12,152,2,94,2,2,1270,0,790,210
1,30-DEC-2004 01:18:16,272,2,91,2,2,870,0,980,273
1,30-DEC-2004 01:18:20,273,2,94,2,2,910,0,990,293
1,30-DEC-2004 01:18:21,274,2,133,2,2,310,0,310,249
1,30-DEC-2004 01:18:22,275,1,82,4,2,1290,0,4000,388
1,30-DEC-2004 01:18:24,276,1,96,2,2,1050,0,950,265
1,30-DEC-2004 01:18:25,277,1,91,2,2,970,0,1240,284
1,30-DEC-2004 01:18:30,278,1,78,2,2,1150,0,900,272
1,30-DEC-2004 01:18:31,279,2,86,2,2,1740,0,1540,280
2,30-DEC-2004 01:18:36,153,1,74,2,2,310,0,310,249
1,30-DEC-2004 01:18:40,280,1,72,7,5,4020,0,9390,371,6200,135,10250,789,9530,135
1,30-DEC-2004 01:18:44,281,2,106,2,2,920,0,1050,292
1,30-DEC-2004 01:18:47,282,2,103,2,2,850,0,920,269
1,30-DEC-2004 01:18:49,283,1,86,2,2,860,0,710,236
2,30-DEC-2004 01:18:48,154,2,133,2,2,740,0,940,282
2,30-DEC-2004 01:18:53,155,1,74,2,2,310,0,310,249
1,30-DEC-2004 01:19:05,284,2,114,2,2,920,0,1020,284
1,30-DEC-2004 01:19:08,285,1,103,2,2,1360,0,1400,282
1,30-DEC-2004 01:19:10,286,2,86,2,2,1180,0,1260,290
1,30-DEC-2004 01:19:13,287,1,88,2,2,720,0,810,287
1,30-DEC-2004 01:19:17,288,1,86,2,2,980,0,580,269
2,30-DEC-2004 01:19:24,156,1,79,2,2,310,0,310,249
1,30-DEC-2004 01:19:25,289,1,82,6,2,3670,0,7870,603
1,30-DEC-2004 01:19:27,290,1,79,2,2,860,0,1000,288
1,30-DEC-2004 01:19:30,291,1,79,2,2,780,0,760,288
1,30-DEC-2004 01:19:32,292,2,86,2,2,900,0,980,269
2,30-DEC-2004 01:19:33,157,2,82,2,2,1310,0,1010,255
1,30-DEC-2004 01:19:33,293,1,91,2,2,720,0,460,273
1,30-DEC-2004 01:19:36,294,1,78,2,2,1220,0,790,281
1,30-DEC-2004 01:19:40,295,1,78,2,2,960,0,730,262
2,30-DEC-2004 01:19:40,158,2,106,2,2,1200,0,1240,292
2,30-DEC-2004 01:19:41,159,1,94,2,2,310,0,310,249
1,30-DEC-2004 01:19:41,296,2,96,2,2,1150,0,1110,289
2,30-DEC-2004 01:19:42,160,1,91,2,2,310,0,310,249
2,30-DEC-2004 01:19:47,161,1,68,7,5,7380,0,4810,288,3190,603,2880,109,4660,109
1,30-DEC-2004 01:19:51,297,2,79,3,2,1230,0,1270,308
2,30-DEC-2004 01:19:55,162,2,79,2,2,1350,0,950,258
1,30-DEC-2004 01:19:55,298,3,96,2,2,630,0,700,265
1,30-DEC-2004 01:19:55,299,2,72,2,2,770,0,860,271
1,30-DEC-2004 01:19:58,300,2,78,2,2,1090,0,730,272
1,30-DEC-2004 01:20:02,301,1,82,2,2,680,0,760,234
1,30-DEC-2004 01:20:09,302,1,91,6,3,5870,0,5720,524,4700,136
1,30-DEC-2004 01:20:10,303,3,123,2,2,610,0,770,260
2,30-DEC-2004 01:20:09,163,1,66,7,5,6550,0,8260,298,2290,665,3780,115,6620,115
1,30-DEC-2004 01:20:14,304,1,76,2,2,1120,0,820,294
1,30-DEC-2004 01:20:22,305,2,118,2,2,930,0,840,250
1,30-DEC-2004 01:20:23,306,2,118,2,2,1240,0,860,265
1,30-DEC-2004 01:20:26,307,1,74,7,5,6630,0,6570,370,5170,752,3320,138,2880,147
1,30-DEC-2004 01:20:27,308,1,76,2,2,720,0,560,256
2,30-DEC-2004 01:20:26,164,3,84,2,2,1220,0,870,251
2,30-DEC-2004 01:20:31,165,2,106,2,2,1010,0,990,265
2,30-DEC-2004 01:20:31,166,1,74,7,5,7220,0,9520,296,4560,668,4950,110,5490,119
1,30-DEC-2004 01:20:43,309,1,86,5,2,2360,0,3670,355
1,30-DEC-2004 01:20:43,310,2,91,2,2,890,0,1030,284
2,30-DEC-2004 01:20:43,167,2,74,2,2,980,0,760,231
1,30-DEC-2004 01:20:45,311,1,91,2,2,760,0,510,261
2,30-DEC-2004 01:20:45,168,1,69,7,6,6960,0,7920,303,6850,120,5300,616,4900,120,9280,112
2,30-DEC-2004 01:20:45,169,2,79,2,2,850,0,820,278
1,30-DEC-2004 01:20:45,312,2,79,2,2,860,0,820,278
1,30-DEC-2004 01:20:48,313,3,103,2,2,720,0,810,269
2,30-DEC-2004 01:20:48,170,1,72,2,2,310,0,310,249
1,30-DEC-2004 01:20:49,314,2,74,4,2,1930,0,2850,333
1,30-DEC-2004 01:20:52,315,2,79,2,2,690,0,940,268
1,30-DEC-2004 01:21:00,316,1,94,2,2,1270,0,1510,269
1,30-DEC-2004 01:21:04,317,1,91,2,2,1080,0,950,273
1,30-DEC-2004 01:21:05,318,1,84,2,2,850,0,1010,293
1,30-DEC-2004 01:21:06,319,2,84,2,2,1310,0,1300,283
2,30-DEC-2004 01:21:06,171,1,82,2,2,310,0,310,249
2,30-DEC-2004 01:21:09,172,1,86,2,2,310,0,310,249
2,30-DEC-2004 01:21:09,173,2,78,2,2,1210,0,1220,262
1,30-DEC-2004 01:21:11,320,1,91,2,2,1190,0,1240,284
2,30-DEC-2004 01:21:10,174,2,79,2,2,1380,0,1360,248
1,30-DEC-2004 01:21:13,321,1,99,2,2,890,0,860,286
2,30-DEC-2004 01:21:11,175,2,84,2,2,770,0,490,241
1,30-DEC-2004 01:21:14,322,1,91,2,2,890,0,790,261
1,30-DEC-2004 01:21:14,323,2,86,2,2,940,0,930,258
1,30-DEC-2004 01:21:18,324,3,94,2,2,990,0,620,245
1,30-DEC-2004 01:21:21,325,2,110,2,2,850,0,630,247
1,30-DEC-2004 01:21:23,326,1,99,2,2,1010,0,1060,286
1,30-DEC-2004 01:21:26,327,1,86,2,2,880,0,520,280
1,30-DEC-2004 01:21:28,328,1,84,2,2,750,0,890,283
1,30-DEC-2004 01:21:29,329,1,86,2,2,1340,0,1100,258
1,30-DEC-2004 01:21:30,330,2,66,2,2,840,0,590,257
2,30-DEC-2004 01:21:31,176,3,127,2,2,310,0,310,249
2,30-DEC-2004 01:21:31,177,2,94,2,2,910,0,940,269
1,30-DEC-2004 01:21:34,331,1,94,2,2,970,0,1010,293
1,30-DEC-2004 01:21:38,332,1,91,2,2,1060,0,960,296
2,30-DEC-2004 01:21:37,178,2,110,2,2,1310,0,1460,261
2,30-DEC-2004 01:21:46,179,3,82,2,2,1150,0,1230,275
2,30-DEC-2004 01:21:48,180,1,28,2,2,310,0,310,249
1,30-DEC-2004 01:21:52,333,2,106,2,2,680,0,810,318
1,30-DEC-2004 01:21:52,334,1,94,2,2,1040,0,1170,281
1,30-DEC-2004 01:21:59,335,2,78,3,2,1260,0,1260,311
2,30-DEC-2004 01:22:02,181,2,94,2,2,880,0,950,269
2,30-DEC-2004 01:22:06,182,2,82,2,2,720,0,500,245
2,30-DEC-2004 01:22:09,183,2,88,2,2,760,0,860,276
1,30-DEC-2004 01:22:12,336,2,114,2,2,940,0,1160,284
1,30-DEC-2004 01:22:13,337,3,99,4,2,650,0,690,273
1,30-DEC-2004 01:22:13,338,2,103,4,2,850,0,860,269
1,30-DEC-2004 01:22:14,339,1,99,2,2,1330,0,1350,298
1,30-DEC-2004 01:22:14,340,1,94,2,2,1300,0,1420,281
2,30-DEC-2004 01:22:17,184,1,68,7,4,7680,0,7590,296,5460,645,5830,109
1,30-DEC-2004 01:22:19,341,1,84,8,2,5600,0,10090,609
1,30-DEC-2004 01:22:22,342,1,82,4,2,2290,0,2400,337
1,30-DEC-2004 01:22:32,343,1,79,7,5,5670,0,6770,358,3620,778,2830,138,2580,138
1,30-DEC-2004 01:22:33,344,2,106,2,2,1030,0,1360,278
1,30-DEC-2004 01:22:36,345,2,96,2,2,820,0,600,265
2,30-DEC-2004 01:22:39,185,1,63,7,5,7130,0,9320,278,5190,622,4840,118,6750,110
1,30-DEC-2004 01:22:42,346,2,118,2,2,710,0,1400,280
1,30-DEC-2004 01:22:42,347,1,94,2,2,820,0,1040,281
1,30-DEC-2004 01:22:52,348,1,74,5,2,5310,0,7560,501
2,30-DEC-2004 01:22:52,186,1,58,2,2,310,0,310,249
1,30-DEC-2004 01:22:54,349,1,65,2,3,5430,0,9110,578,5620,154
1,30-DEC-2004 01:22:56,350,2,82,2,2,920,0,840,265
2,30-DEC-2004 01:23:05,187,1,62,8,3,5710,0,5440,524,7580,147
1,30-DEC-2004 01:23:08,351,2,99,2,2,790,0,910,273
2,30-DEC-2004 01:23:09,188,1,76,2,2,310,0,310,249
1,30-DEC-2004 01:23:10,352,3,94,2,2,750,0,620,245
1,30-DEC-2004 01:23:10,353,1,114,2,2,620,0,400,256
1,30-DEC-2004 01:23:13,354,1,99,2,2,850,0,900,286
2,30-DEC-2004 01:23:16,189,1,69,2,2,310,0,310,249
1,30-DEC-2004 01:23:20,355,1,76,2,3,5900,0,8990,608,5920,151
1,30-DEC-2004 01:23:28,356,1,78,2,3,5850,0,5740,623,8670,174
2,30-DEC-2004 01:23:31,190,2,74,2,2,1290,0,860,259
2,30-DEC-2004 01:23:35,191,2,79,5,2,3480,0,3660,328
1,30-DEC-2004 01:23:39,357,1,63,4,2,2000,0,2290,342
2,30-DEC-2004 01:23:46,192,1,78,2,2,310,0,310,249
1,30-DEC-2004 01:23:53,358,1,91,2,2,800,0,890,296
1,30-DEC-2004 01:23:57,359,1,88,2,2,870,0,590,265
1,30-DEC-2004 01:23:59,360,1,88,2,2,860,0,1010,287
2,30-DEC-2004 01:24:00,193,2,91,2,2,910,0,1000,273
1,30-DEC-2004 01:24:05,361,1,78,2,2,870,0,520,252
1,30-DEC-2004 01:24:05,362,2,110,2,2,940,0,690,261
1,30-DEC-2004 01:24:10,363,1,91,2,2,980,0,1210,273
1,30-DEC-2004 01:24:36,364,1,78,2,3,6290,0,5660,613,9030,164
1,30-DEC-2004 01:24:38,365,1,74,2,2,770,0,910,296
1,30-DEC-2004 01:24:39,366,2,71,2,2,860,0,470,265
2,30-DEC-2004 01:24:37,194,1,71,7,5,7170,0,10890,283,8680,638,6570,114,6260,123
1,30-DEC-2004 01:24:41,367,2,74,2,2,910,0,650,222
1,30-DEC-2004 01:24:43,368,1,84,7,5,3180,0,5840,335,920,851,1290,146,2510,146
1,30-DEC-2004 01:24:45,369,2,91,2,2,900,0,910,273
1,30-DEC-2004 01:24:45,370,1,82,2,2,1200,0,1050,255
1,30-DEC-2004 01:24:50,371,2,88,2,2,950,0,830,265
1,30-DEC-2004 01:24:55,372,1,99,2,2,1200,0,1070,261
1,30-DEC-2004 01:24:58,373,2,76,4,2,1990,0,2750,332
1,30-DEC-2004 01:25:01,374,2,88,2,2,920,0,650,265
1,30-DEC-2004 01:25:03,375,2,94,2,2,820,0,690,257
1,30-DEC-2004 01:25:04,376,1,78,2,2,1400,0,980,242
1,30-DEC-2004 01:25:09,377,1,71,2,2,1010,0,760,274
1,30-DEC-2004 01:25:13,378,1,84,8,2,5750,0,11130,598
2,30-DEC-2004 01:25:15,195,2,86,2,2,1150,0,740,280
1,30-DEC-2004 01:25:24,379,2,86,2,2,1120,0,830,269
1,30-DEC-2004 01:25:25,380,1,82,2,2,840,0,920,296
1,30-DEC-2004 01:25:27,381,2,96,2,2,1240,0,910,277
1,30-DEC-2004 01:25:27,382,2,91,2,2,820,0,950,273
1,30-DEC-2004 01:25:29,383,1,82,2,2,680,0,510,275
1,30-DEC-2004 01:25:30,384,2,96,2,2,950,0,1180,265
1,30-DEC-2004 01:25:31,385,1,84,2,2,1060,0,1110,293
1,30-DEC-2004 01:25:32,386,1,78,2,2,1130,0,1520,252
1,30-DEC-2004 01:25:37,387,2,84,2,2,960,0,1060,272
2,30-DEC-2004 01:25:41,196,2,78,2,2,1450,0,1040,252
1,30-DEC-2004 01:25:42,388,1,86,2,2,1040,0,980,312
1,30-DEC-2004 01:25:46,389,2,99,2,2,960,0,620,261
1,30-DEC-2004 01:25:54,390,2,127,2,2,960,0,1030,270
2,30-DEC-2004 01:25:55,197,2,118,2,2,1010,0,970,265
1,30-DEC-2004 01:25:56,391,2,123,2,2,910,0,1150,260
2,30-DEC-2004 01:25:57,198,2,94,2,2,870,0,950,281
1,30-DEC-2004 01:26:00,392,1,88,3,2,2240,0,2540,454
1,30-DEC-2004 01:26:06,393,1,99,2,2,1480,0,1720,298
1,30-DEC-2004 01:26:10,394,3,96,2,2,700,0,700,265
2,30-DEC-2004 01:26:10,199,1,50,2,2,310,0,310,249
1,30-DEC-2004 01:26:13,395,1,78,7,5,4960,0,8860,301,3320,808,2740,125,3420,135
2,30-DEC-2004 01:26:14,200,2,94,2,2,1260,0,1270,281
2,30-DEC-2004 01:26:16,201,1,47,2,2,310,0,310,249
1,30-DEC-2004 01:26:18,396,2,88,2,2,970,0,870,276
1,30-DEC-2004 01:26:19,397,1,82,3,2,2510,0,3260,347
1,30-DEC-2004 01:26:23,398,2,99,2,2,910,0,1070,261
2,30-DEC-2004 01:26:24,202,2,88,2,2,830,0,900,276
2,30-DEC-2004 01:26:26,203,1,68,7,5,6260,0,8880,271,8000,594,7010,118,4530,109
2,30-DEC-2004 01:26:28,204,1,76,2,2,310,0,310,249
1,30-DEC-2004 01:26:32,399,1,82,2,2,1160,0,760,286
2,30-DEC-2004 01:26:32,205,1,79,3,2,2030,0,2180,318
2,30-DEC-2004 01:26:33,206,1,78,2,2,310,0,310,249
2,30-DEC-2004 01:26:36,207,1,66,9,2,960,0,980,257
1,30-DEC-2004 01:26:38,400,1,74,2,2,1200,0,970,277
2,30-DEC-2004 01:26:43,208,1,63,7,5,6240,0,7950,294,4000,630,3870,118,6200,110
2,30-DEC-2004 01:26:45,209,2,86,2,2,1480,0,1410,258
2,30-DEC-2004 01:26:47,210,1,54,7,5,6510,0,8670,297,5930,663,5370,121,6220,121
1,30-DEC-2004 01:26:48,401,3,91,2,2,720,0,670,273
2,30-DEC-2004 01:26:49,211,1,55,7,5,5410,0,5340,281,3650,633,1650,116,4270,116
1,30-DEC-2004 01:26:50,402,2,88,2,2,990,0,630,254
2,30-DEC-2004 01:26:55,212,2,79,2,2,860,0,870,268
1,30-DEC-2004 01:27:10,403,1,82,4,2,970,0,950,296
1,30-DEC-2004 01:27:10,404,2,123,2,2,970,0,1210,291
1,30-DEC-2004 01:27:15,405,1,82,2,2,910,0,1100,286
1,30-DEC-2004 01:27:15,406,2,106,2,2,1050,0,810,265
1,30-DEC-2004 01:27:17,407,1,88,2,2,870,0,1010,276
1,30-DEC-2004 01:27:21,408,1,88,2,2,880,0,800,276
2,30-DEC-2004 01:27:20,213,1,61,2,2,310,0,310,249
2,30-DEC-2004 01:27:22,214,1,61,2,2,310,0,310,249
1,30-DEC-2004 01:27:27,409,1,86,2,2,910,0,860,258
1,30-DEC-2004 01:27:35,410,2,94,2,2,730,0,560,257
1,30-DEC-2004 01:27:37,411,2,88,2,2,920,0,660,254
2,30-DEC-2004 01:27:35,215,1,68,7,5,6740,0,11660,296,7590,645,6760,118,7420,109
1,30-DEC-2004 01:27:41,412,2,96,2,2,930,0,680,277
1,30-DEC-2004 01:27:41,413,1,94,4,2,1180,0,970,269
2,30-DEC-2004 01:27:42,216,2,79,2,2,790,0,580,248
1,30-DEC-2004 01:27:47,414,2,99,2,2,1000,0,800,261
1,30-DEC-2004 01:27:47,415,1,99,4,2,1630,0,1520,286
2,30-DEC-2004 01:27:52,217,2,86,2,2,1080,0,1440,258
1,30-DEC-2004 01:27:54,416,2,65,2,2,670,0,520,235
2,30-DEC-2004 01:27:57,218,3,78,2,2,310,0,310,249
2,30-DEC-2004 01:27:57,219,1,69,2,2,310,0,310,249
1,30-DEC-2004 01:27:58,417,2,74,2,2,790,0,560,259
1,30-DEC-2004 01:28:00,418,1,103,2,2,900,0,830,295
1,30-DEC-2004 01:28:03,419,1,88,6,2,3420,0,5050,621
2,30-DEC-2004 01:28:03,220,1,88,2,2,310,0,310,249
1,30-DEC-2004 01:28:05,420,1,88,5,2,6390,0,6980,576
2,30-DEC-2004 01:28:05,221,2,94,2,2,870,0,920,281
1,30-DEC-2004 01:28:05,421,2,88,7,4,6110,0,5320,376,2560,709,2310,132
1,30-DEC-2004 01:28:09,422,2,84,2,2,940,0,1060,283
1,30-DEC-2004 01:28:12,423,2,86,2,2,880,0,990,269
1,30-DEC-2004 01:28:12,424,2,168,2,2,1250,0,1450,504
1,30-DEC-2004 01:28:18,425,1,74,7,5,5730,0,6300,343,2920,780,2940,138,3450,138
1,30-DEC-2004 01:28:22,426,1,84,2,2,1010,0,700,272
1,30-DEC-2004 01:28:28,427,1,86,2,2,850,0,860,280
1,30-DEC-2004 01:28:28,428,2,88,2,2,1010,0,790,276
1,30-DEC-2004 01:28:37,429,2,91,2,2,900,0,620,250
1,30-DEC-2004 01:28:45,430,1,84,2,2,700,0,500,241
2,30-DEC-2004 01:28:50,222,1,91,2,2,310,0,310,249
1,30-DEC-2004 01:28:58,431,2,96,2,2,880,0,960,265
1,30-DEC-2004 01:29:06,432,2,91,2,2,920,0,730,250
1,30-DEC-2004 01:29:13,433,2,82,2,2,860,0,550,255
1,30-DEC-2004 01:29:18,434,1,74,2,2,950,0,560,268
1,30-DEC-2004 01:29:23,435,1,79,2,2,750,0,770,288
2,30-DEC-2004 01:29:23,223,1,66,7,5,5940,0,3870,282,3010,623,1510,123,2190,107
1,30-DEC-2004 01:29:27,436,1,74,2,2,740,0,690,240
1,30-DEC-2004 01:29:28,437,2,106,2,2,990,0,640,265
1,30-DEC-2004 01:29:33,438,2,110,2,2,1080,0,1190,302
1,30-DEC-2004 01:29:33,439,1,94,2,2,1420,0,1740,281
1,30-DEC-2004 01:29:37,440,1,78,2,2,1260,0,1030,262
1,30-DEC-2004 01:29:47,441,2,96,2,2,980,0,1150,277
2,30-DEC-2004 01:29:51,224,2,76,2,2,890,0,860,284
2,30-DEC-2004 01:30:05,225,3,123,2,2,310,0,310,249
2,30-DEC-2004 01:30:05,226,2,99,2,2,890,0,930,273
1,30-DEC-2004 01:30:11,442,1,79,6,4,5600,0,3410,188,5390,408,4760,138
2,30-DEC-2004 01:30:13,227,1,61,8,3,6150,0,5810,483,8280,137
1,30-DEC-2004 01:30:14,443,2,118,2,2,810,0,850,265
1,30-DEC-2004 01:30:16,444,2,91,2,2,880,0,950,273
1,30-DEC-2004 01:30:17,445,2,103,4,2,900,0,1070,269
1,30-DEC-2004 01:30:17,446,3,110,4,2,720,0,860,288
1,30-DEC-2004 01:30:18,447,2,96,2,2,880,0,1050,277
1,30-DEC-2004 01:30:18,448,1,82,2,2,910,0,810,255
2,30-DEC-2004 01:30:24,228,1,66,2,2,310,0,310,249
2,30-DEC-2004 01:30:25,229,1,66,2,2,310,0,310,249
1,30-DEC-2004 01:30:25,449,1,94,2,2,760,0,890,293
2,30-DEC-2004 01:30:27,230,1,78,2,2,310,0,310,249
1,30-DEC-2004 01:30:31,450,1,86,2,2,1120,0,1050,290
2,30-DEC-2004 01:30:31,231,1,82,7,5,6630,0,4620,316,2310,686,1990,122,2890,111
1,30-DEC-2004 01:30:36,451,1,84,2,2,1060,0,760,262
1,30-DEC-2004 01:30:38,452,2,79,2,2,670,0,450,268
1,30-DEC-2004 01:30:48,453,1,82,2,2,880,0,920,286
1,30-DEC-2004 01:30:53,454,1,65,2,2,830,0,610,251
2,30-DEC-2004 01:30:54,232,2,91,8,2,5580,0,9670,604
2,30-DEC-2004 01:30:55,233,1,71,3,2,3280,0,3750,310
1,30-DEC-2004 01:31:02,455,1,96,2,2,830,0,510,277
2,30-DEC-2004 01:31:00,234,1,54,2,2,310,0,310,249
2,30-DEC-2004 01:31:03,235,3,118,2,2,310,0,310,249
2,30-DEC-2004 01:31:07,236,2,72,5,2,2880,0,2720,371
2,30-DEC-2004 01:31:11,237,1,68,7,5,8660,0,17410,313,9660,654,9120,126,10350,135
2,30-DEC-2004 01:31:14,238,1,65,7,5,7180,0,8520,341,5300,651,3720,121,5300,113
2,30-DEC-2004 01:31:18,239,3,127,2,2,870,0,780,254
2,30-DEC-2004 01:31:19,240,1,53,2,2,310,0,310,249
2,30-DEC-2004 01:31:21,241,1,61,2,2,310,0,310,249
1,30-DEC-2004 01:31:23,456,1,91,2,2,1000,0,1000,296
2,30-DEC-2004 01:31:37,242,2,91,2,2,990,0,1060,261
1,30-DEC-2004 01:31:45,457,1,106,2,2,780,0,840,292
2,30-DEC-2004 01:31:54,243,2,91,2,2,890,0,890,273
2,30-DEC-2004 01:31:56,244,1,65,7,5,6440,0,7380,260,6600,553,5180,105,4730,113
2,30-DEC-2004 01:31:57,245,2,96,2,2,1030,0,670,265
1,30-DEC-2004 01:32:00,458,2,110,2,2,550,0,700,288
2,30-DEC-2004 01:32:02,246,3,66,2,2,310,0,310,249
2,30-DEC-2004 01:32:03,247,2,84,7,5,6000,0,6990,325,4240,683,4470,125,6060,125
1,30-DEC-2004 01:32:04,459,1,96,2,2,650,0,420,253
1,30-DEC-2004 01:32:06,460,2,91,2,2,1000,0,680,273
1,30-DEC-2004 01:32:13,461,2,96,2,2,740,0,510,253
1,30-DEC-2004 01:32:13,462,3,103,2,2,680,0,640,256
1,30-DEC-2004 01:32:16,463,3,91,2,2,660,0,700,261
1,30-DEC-2004 01:32:17,464,3,91,2,2,530,0,620,261
1,30-DEC-2004 01:32:17,465,2,86,2,2,1170,0,1060,258
1,30-DEC-2004 01:32:17,466,1,99,2,2,1720,0,1200,273
2,30-DEC-2004 01:32:26,248,2,86,2,2,840,0,900,269
2,30-DEC-2004 01:32:28,249,2,86,2,2,770,0,980,280
2,30-DEC-2004 01:32:30,250,3,106,2,2,790,0,940,278
2,30-DEC-2004 01:32:47,251,1,68,6,2,2490,0,2150,279
2,30-DEC-2004 01:32:53,252,2,76,2,2,930,0,860,275
2,30-DEC-2004 01:32:54,253,3,99,2,2,910,0,580,261
2,30-DEC-2004 01:32:55,254,2,88,2,2,1100,0,1000,265
1,30-DEC-2004 01:33:06,467,1,82,6,3,5680,0,5100,511,4470,142
1,30-DEC-2004 01:33:07,468,1,74,2,2,470,0,570,222
1,30-DEC-2004 01:33:08,469,2,84,2,2,890,0,980,283
2,30-DEC-2004 01:33:06,255,2,88,2,2,800,0,750,276
2,30-DEC-2004 01:33:07,256,1,65,7,5,6450,0,9510,284,7270,611,5280,113,5170,113
1,30-DEC-2004 01:33:09,470,1,74,5,2,4530,0,8140,594
1,30-DEC-2004 01:33:09,471,2,82,2,2,930,0,820,255
1,30-DEC-2004 01:33:10,472,3,94,2,2,660,0,800,257
2,30-DEC-2004 01:33:09,257,1,65,7,4,6330,0,7080,276,4580,668,4440,113
1,30-DEC-2004 01:33:11,473,2,86,2,2,720,0,710,225
2,30-DEC-2004 01:33:15,258,1,65,7,5,6010,0,5160,276,4240,611,3570,105,4120,113
1,30-DEC-2004 01:33:20,474,3,94,2,2,770,0,710,257
1,30-DEC-2004 01:33:20,475,2,96,2,2,710,0,920,277
2,30-DEC-2004 01:33:22,259,2,84,2,2,1080,0,1080,283
1,30-DEC-2004 01:33:25,476,2,94,4,2,900,0,930,281
1,30-DEC-2004 01:33:25,477,1,96,4,2,1100,0,1110,289
2,30-DEC-2004 01:33:24,260,1,103,2,2,310,0,310,249
1,30-DEC-2004 01:33:29,478,2,82,2,2,720,0,530,255
1,30-DEC-2004 01:33:34,479,1,94,2,2,960,0,1040,281
1,30-DEC-2004 01:33:37,480,1,79,2,2,970,0,930,288
2,30-DEC-2004 01:33:37,261,1,63,2,2,310,0,310,249
1,30-DEC-2004 01:33:38,481,1,78,2,2,860,0,570,262
2,30-DEC-2004 01:33:42,262,1,106,2,2,310,0,310,249
1,30-DEC-2004 01:33:43,482,1,84,2,2,1340,0,1080,293
2,30-DEC-2004 01:33:52,263,3,110,2,2,310,0,310,249
2,30-DEC-2004 01:33:57,264,2,88,2,2,900,0,910,276
1,30-DEC-2004 01:34:16,483,1,88,2,2,1200,0,970,276
1,30-DEC-2004 01:34:17,484,2,114,2,2,900,0,1080,270
1,30-DEC-2004 01:34:24,485,1,82,7,5,5390,0,6180,378,4980,757,2770,152,2560,142
2,30-DEC-2004 01:34:23,265,1,57,7,4,4290,0,4180,120,3960,377,3490,113
1,30-DEC-2004 01:34:27,486,1,79,2,2,750,0,580,248
1,30-DEC-2004 01:34:30,487,2,84,5,2,2290,0,4770,356
1,30-DEC-2004 01:34:33,488,1,82,2,2,1210,0,1120,265
2,30-DEC-2004 01:34:38,266,1,66,2,2,310,0,310,249
1,30-DEC-2004 01:34:42,489,2,123,2,2,1540,0,1820,275
1,30-DEC-2004 01:34:44,490,2,76,2,2,1110,0,1100,275
1,30-DEC-2004 01:34:44,491,1,96,2,2,980,0,1050,301
2,30-DEC-2004 01:34:45,267,1,65,9,2,770,0,880,251
2,30-DEC-2004 01:34:48,268,2,82,2,2,880,0,960,275
2,30-DEC-2004 01:34:51,269,1,78,7,5,7290,0,7780,301,4810,652,3040,125,3190,116
1,30-DEC-2004 01:34:54,492,1,96,2,2,1200,0,950,277
1,30-DEC-2004 01:34:57,493,2,103,2,2,860,0,1030,269
1,30-DEC-2004 01:35:07,494,1,84,4,2,2370,0,2840,367
2,30-DEC-2004 01:35:11,270,2,82,2,2,1390,0,1610,265
1,30-DEC-2004 01:35:13,495,2,96,2,2,870,0,620,253
2,30-DEC-2004 01:35:12,271,1,91,2,2,310,0,310,249
2,30-DEC-2004 01:35:17,272,2,103,2,2,1130,0,810,308
1,30-DEC-2004 01:35:20,496,1,91,2,2,970,0,690,273
2,30-DEC-2004 01:35:19,273,1,78,5,2,2640,0,4380,320
2,30-DEC-2004 01:35:19,274,2,96,2,2,1090,0,810,277
2,30-DEC-2004 01:35:19,275,3,123,2,2,810,0,810,275
1,30-DEC-2004 01:35:27,497,1,84,5,2,4960,0,6560,598
2,30-DEC-2004 01:35:27,276,2,106,4,2,2450,0,2310,318
2,30-DEC-2004 01:35:29,277,1,71,7,5,7110,0,4660,318,7300,603,3520,114,5360,123
1,30-DEC-2004 01:35:32,498,1,79,5,2,4450,0,7350,598
1,30-DEC-2004 01:35:34,499,2,79,8,2,5890,0,10470,588
1,30-DEC-2004 01:35:34,500,1,88,2,2,880,0,940,298
1,30-DEC-2004 01:35:46,501,2,88,2,2,910,0,1050,287
2,30-DEC-2004 01:35:51,278,2,88,2,2,910,0,960,276
2,30-DEC-2004 01:35:51,279,3,110,2,2,310,0,310,249
2,30-DEC-2004 01:36:02,280,2,96,2,2,1100,0,1070,265
2,30-DEC-2004 01:36:06,281,1,74,2,2,310,0,310,249
2,30-DEC-2004 01:36:09,282,2,114,2,2,310,0,310,249
2,30-DEC-2004 01:36:17,283,3,96,2,2,850,0,810,265
1,30-DEC-2004 01:36:26,502,1,99,2,2,890,0,800,298
1,30-DEC-2004 01:36:37,503,1,71,2,2,750,0,650,247
1,30-DEC-2004 01:36:39,504,1,72,2,2,720,0,510,262
2,30-DEC-2004 01:36:42,284,2,84,2,2,1140,0,700,262
1,30-DEC-2004 01:36:48,505,1,69,2,3,6720,0,6150,572,8970,164
2,30-DEC-2004 01:36:51,285,2,91,2,2,860,0,890,273
2,30-DEC-2004 01:36:58,286,1,59,7,4,6930,0,11660,265,8390,621,8590,102
1,30-DEC-2004 01:36:59,506,1,74,2,3,6510,0,5960,584,9120,166
1,30-DEC-2004 01:37:06,507,2,86,2,2,810,0,530,258
1,30-DEC-2004 01:37:06,508,3,94,2,2,770,0,750,269
1,30-DEC-2004 01:37:07,509,2,91,2,2,1020,0,640,261
2,30-DEC-2004 01:37:08,287,1,88,9,2,5010,0,14140,498
1,30-DEC-2004 01:37:13,510,1,96,2,2,600,0,700,277
1,30-DEC-2004 01:37:21,511,2,84,2,2,990,0,940,283
1,30-DEC-2004 01:37:24,512,1,96,5,2,4370,0,5520,398
1,30-DEC-2004 01:37:29,513,2,103,2,2,810,0,960,269
1,30-DEC-2004 01:37:31,514,1,74,7,6,6400,0,4710,343,3380,138,2180,659,2680,138,2670,138
2,30-DEC-2004 01:37:37,288,2,79,2,2,840,0,950,268
1,30-DEC-2004 01:37:41,515,2,123,2,2,900,0,660,260
2,30-DEC-2004 01:37:41,289,2,88,2,2,1100,0,670,265
2,30-DEC-2004 01:37:43,290,1,79,2,2,310,0,310,249
1,30-DEC-2004 01:37:45,516,1,72,7,6,5830,0,4250,335,3220,135,3490,680,2550,126,3600,135
2,30-DEC-2004 01:37:47,291,2,79,2,2,860,0,960,268
1,30-DEC-2004 01:37:49,517,2,118,2,2,950,0,670,250
2,30-DEC-2004 01:37:52,292,1,71,7,5,6920,0,8260,292,7190,647,5400,123,4530,114
1,30-DEC-2004 01:37:55,518,1,65,7,5,5770,0,6970,333,4240,741,2600,137,3280,137
1,30-DEC-2004 01:37:58,519,2,94,2,2,1140,0,830,269
2,30-DEC-2004 01:37:58,293,1,66,7,6,7030,0,8050,257,6680,115,7710,565,8200,115,7770,115
2,30-DEC-2004 01:38:04,294,2,86,2,2,1170,0,930,280
1,30-DEC-2004 01:38:20,520,1,84,7,5,5640,0,7050,335,4920,746,3400,135,3680,135
1,30-DEC-2004 01:38:21,521,2,88,2,2,930,0,860,276
1,30-DEC-2004 01:38:24,522,1,76,8,2,5450,0,8970,570
1,30-DEC-2004 01:38:39,523,2,91,8,2,6030,0,10350,604
1,30-DEC-2004 01:38:40,524,3,91,2,2,870,0,550,250
1,30-DEC-2004 01:38:41,525,1,94,2,2,900,0,1060,281
2,30-DEC-2004 01:38:46,295,2,96,2,2,880,0,960,265
2,30-DEC-2004 01:38:47,296,3,94,2,2,860,0,810,269
1,30-DEC-2004 01:38:53,526,1,74,8,2,5460,0,7180,622
2,30-DEC-2004 01:38:55,297,2,86,2,2,1160,0,930,280
2,30-DEC-2004 01:39:11,298,1,65,7,6,6480,0,5850,268,3250,121,6360,578,4920,113,4910,113
2,30-DEC-2004 01:39:15,299,1,72,8,2,6330,0,9580,544
1,30-DEC-2004 01:39:23,527,3,118,2,2,750,0,800,265
2,30-DEC-2004 01:39:24,300,1,65,7,4,7100,0,5410,137,6420,333,6480,129
1,30-DEC-2004 01:39:24,528,1,99,2,2,1010,0,660,261
1,30-DEC-2004 01:39:27,529,2,103,2,2,960,0,1090,269
1,30-DEC-2004 01:39:46,530,1,96,3,2,1610,0,1720,301
1,30-DEC-2004 01:39:47,531,2,88,2,2,1240,0,1110,243
2,30-DEC-2004 01:39:51,301,2,79,2,2,1080,0,1210,258
2,30-DEC-2004 01:39:54,302,3,118,2,2,880,0,850,280
1,30-DEC-2004 01:39:57,532,1,96,2,2,960,0,1050,289
1,30-DEC-2004 01:40:03,533,1,88,2,2,1120,0,870,276
2,30-DEC-2004 01:40:04,303,2,91,2,2,1260,0,890,273
2,30-DEC-2004 01:40:12,304,2,79,2,2,880,0,910,268
1,30-DEC-2004 01:40:18,534,2,145,3,2,1280,0,1350,308
2,30-DEC-2004 01:40:19,305,2,86,2,2,860,0,860,269
2,30-DEC-2004 01:40:24,306,1,71,7,5,7390,0,11040,283,6360,629,7590,114,7800,105
1,30-DEC-2004 01:40:27,535,1,110,2,2,940,0,1010,274
1,30-DEC-2004 01:40:30,536,2,118,2,2,1000,0,1000,265
2,30-DEC-2004 01:40:32,307,1,61,3,2,2630,0,5810,414
1,30-DEC-2004 01:40:33,537,1,96,2,2,820,0,910,277
2,30-DEC-2004 01:40:33,308,1,84,2,2,310,0,310,249
2,30-DEC-2004 01:40:40,309,2,82,2,2,1110,0,940,286
2,30-DEC-2004 01:40:45,310,1,68,2,2,310,0,310,249
1,30-DEC-2004 01:40:48,538,1,79,2,2,1050,0,650,258
1,30-DEC-2004 01:40:50,539,2,78,4,2,2070,0,2400,330
2,30-DEC-2004 01:40:50,311,1,72,7,5,7230,0,9820,262,5970,598,5100,108,4980,108
2,30-DEC-2004 01:40:55,312,2,88,2,2,670,0,720,265
1,30-DEC-2004 01:41:06,540,1,114,2,2,880,0,940,284
2,30-DEC-2004 01:41:11,313,1,42,3,2,5660,0,8630,473
1,30-DEC-2004 01:41:15,541,1,123,2,2,1060,0,950,275
1,30-DEC-2004 01:41:16,542,2,103,2,2,1620,0,1290,269
1,30-DEC-2004 01:41:17,543,3,123,2,2,840,0,630,245
1,30-DEC-2004 01:41:18,544,2,103,2,2,1030,0,1200,282
1,30-DEC-2004 01:41:20,545,2,94,2,2,920,0,520,257
1,30-DEC-2004 01:41:20,546,1,84,7,4,6020,0,6340,346,4650,809,3500,135
1,30-DEC-2004 01:41:22,547,2,110,2,2,1090,0,990,274
1,30-DEC-2004 01:41:24,548,1,94,2,2,860,0,930,281
1,30-DEC-2004 01:41:29,549,2,94,2,2,890,0,670,257
1,30-DEC-2004 01:41:32,550,1,88,2,2,650,0,620,243
2,30-DEC-2004 01:41:31,314,1,71,2,2,310,0,310,249
1,30-DEC-2004 01:41:39,551,1,78,2,2,660,0,780,291
2,30-DEC-2004 01:41:45,315,1,71,2,2,310,0,310,249
1,30-DEC-2004 01:41:47,552,1,76,6,3,5170,0,4840,475,4220,141
2,30-DEC-2004 01:41:47,316,1,65,9,2,1200,0,950,260
2,30-DEC-2004 01:41:47,317,1,96,2,2,310,0,310,249
2,30-DEC-2004 01:41:55,318,1,84,2,2,310,0,310,249
1,30-DEC-2004 01:41:58,553,2,106,2,2,1100,0,890,278
2,30-DEC-2004 01:42:03,319,2,88,2,2,850,0,930,276
1,30-DEC-2004 01:42:12,554,2,106,2,2,850,0,650,265
2,30-DEC-2004 01:42:30,320,2,114,2,2,790,0,880,270
1,30-DEC-2004 01:42:31,555,2,84,2,2,870,0,1010,272
1,30-DEC-2004 01:42:32,556,3,88,2,2,820,0,710,276
1,30-DEC-2004 01:42:33,557,1,99,2,2,850,0,910,286
1,30-DEC-2004 01:42:33,558,2,82,2,2,1070,0,700,255
1,30-DEC-2004 01:42:46,559,2,110,2,2,1070,0,1100,261
2,30-DEC-2004 01:42:48,321,3,110,2,2,810,0,790,274
2,30-DEC-2004 01:42:49,322,1,63,7,4,5840,0,5310,294,2790,390,2130,126
2,30-DEC-2004 01:42:49,323,2,96,4,2,2180,0,1410,253
1,30-DEC-2004 01:42:51,560,1,88,5,2,3280,0,3670,398
1,30-DEC-2004 01:42:52,561,2,91,2,2,1160,0,790,273
1,30-DEC-2004 01:42:53,562,2,94,2,2,1030,0,690,269
1,30-DEC-2004 01:42:53,563,1,96,4,2,1240,0,860,277
1,30-DEC-2004 01:43:00,564,2,110,2,2,990,0,1100,261
1,30-DEC-2004 01:43:04,565,1,79,7,4,1530,0,2330,418,1050,478,1440,148
1,30-DEC-2004 01:43:06,566,1,69,2,2,710,0,460,259
1,30-DEC-2004 01:43:08,567,2,99,2,2,960,0,1010,273
1,30-DEC-2004 01:43:10,568,1,84,2,2,1300,0,1080,272
2,30-DEC-2004 01:43:11,324,1,61,7,5,5800,0,5410,298,4170,652,3410,114,3370,122
2,30-DEC-2004 01:43:12,325,3,114,2,2,840,0,860,284
2,30-DEC-2004 01:43:14,326,1,79,2,2,310,0,310,249
2,30-DEC-2004 01:43:18,327,1,68,2,2,2320,0,2590,237
2,30-DEC-2004 01:43:23,328,1,60,7,5,5740,0,7210,278,6670,587,4850,127,4460,119
2,30-DEC-2004 01:43:28,329,3,99,2,2,820,0,880,286
1,30-DEC-2004 01:43:33,569,1,86,2,2,1400,0,800,269
1,30-DEC-2004 01:43:33,570,2,91,2,2,930,0,610,261
2,30-DEC-2004 01:43:33,330,1,56,7,5,6200,0,6760,272,5980,623,2690,111,3310,118
1,30-DEC-2004 01:43:42,571,1,88,8,2,4790,0,6040,609
1,30-DEC-2004 01:43:53,572,2,96,4,2,710,0,740,217
2,30-DEC-2004 01:43:54,331,1,78,9,2,6320,0,9460,496
2,30-DEC-2004 01:43:54,332,3,96,2,2,1130,0,1130,301
1,30-DEC-2004 01:43:56,573,2,88,2,2,1260,0,940,298
1,30-DEC-2004 01:43:57,574,1,71,8,3,5750,0,5170,585,8120,176
2,30-DEC-2004 01:43:58,333,2,84,2,2,720,0,710,283
1,30-DEC-2004 01:44:01,575,1,78,2,2,960,0,940,291
1,30-DEC-2004 01:44:08,576,1,84,2,2,870,0,1010,283
2,30-DEC-2004 01:44:11,334,2,78,2,2,850,0,660,252
2,30-DEC-2004 01:44:16,335,1,86,2,2,310,0,310,249
1,30-DEC-2004 01:44:23,577,2,114,2,2,860,0,950,284
2,30-DEC-2004 01:44:26,336,2,99,2,2,790,0,960,273
1,30-DEC-2004 01:44:26,578,2,79,2,2,860,0,1030,268
1,30-DEC-2004 01:44:27,579,1,84,7,5,5580,0,5560,388,3210,798,3220,146,3090,146
2,30-DEC-2004 01:44:27,337,1,78,9,2,1050,0,1190,262
2,30-DEC-2004 01:44:28,338,1,78,9,2,920,0,1110,252
1,30-DEC-2004 01:44:40,580,1,82,2,2,870,0,980,286
1,30-DEC-2004 01:44:44,581,1,78,2,2,1080,0,870,262
1,30-DEC-2004 01:44:46,582,2,84,8,2,5190,0,10760,556
1,30-DEC-2004 01:44:48,583,1,84,2,2,1100,0,1110,293
2,30-DEC-2004 01:44:50,339,2,82,2,2,900,0,880,265
1,30-DEC-2004 01:44:54,584,2,139,2,2,940,0,920,259
2,30-DEC-2004 01:45:07,340,1,78,2,2,310,0,310,249
1,30-DEC-2004 01:45:09,585,2,82,2,2,810,0,850,286
2,30-DEC-2004 01:45:22,341,2,94,2,2,860,0,840,269
2,30-DEC-2004 01:45:24,342,2,84,2,2,1360,0,1000,262
1,30-DEC-2004 01:45:24,586,1,71,2,3,5460,0,9100,612,6370,158
2,30-DEC-2004 01:45:26,343,1,106,2,2,310,0,310,249
1,30-DEC-2004 01:45:28,587,2,91,2,2,960,0,1030,284
1,30-DEC-2004 01:45:30,588,2,84,2,2,810,0,960,262
1,30-DEC-2004 01:45:30,589,2,82,2,2,840,0,1010,265
1,30-DEC-2004 01:45:31,590,1,76,7,5,5320,0,5070,351,3560,798,1700,151,2640,141
1,30-DEC-2004 01:45:39,591,2,91,2,2,1180,0,880,261
2,30-DEC-2004 01:45:44,344,2,79,2,2,840,0,910,268
2,30-DEC-2004 01:45:45,345,1,66,9,2,1740,0,1630,307
2,30-DEC-2004 01:45:48,346,3,96,2,2,910,0,590,241
2,30-DEC-2004 01:46:03,347,3,84,2,2,760,0,970,272
2,30-DEC-2004 01:46:05,348,2,79,2,2,860,0,950,268
1,30-DEC-2004 01:46:16,592,2,84,2,2,1060,0,990,272
2,30-DEC-2004 01:46:15,349,1,57,7,5,6320,0,3400,284,2600,584,2670,106,1830,106
2,30-DEC-2004 01:46:18,350,1,74,7,5,7180,0,13770,296,9410,659,8600,110,7950,119
2,30-DEC-2004 01:46:23,351,1,66,9,2,1420,0,1090,240
2,30-DEC-2004 01:46:24,352,1,91,2,2,310,0,310,249
2,30-DEC-2004 01:46:27,353,2,94,2,2,900,0,920,281
2,30-DEC-2004 01:46:31,354,2,99,2,2,800,0,680,273
2,30-DEC-2004 01:46:37,355,2,94,2,2,1110,0,740,269
1,30-DEC-2004 01:46:44,593,1,76,2,2,1140,0,720,275
1,30-DEC-2004 01:46:45,594,2,76,2,2,870,0,940,265
1,30-DEC-2004 01:46:57,595,2,79,2,2,750,0,870,268
2,30-DEC-2004 01:46:56,356,1,60,7,5,4860,0,3660,263,4080,572,2930,104,3040,112
1,30-DEC-2004 01:47:03,596,1,88,2,2,820,0,960,276
1,30-DEC-2004 01:47:07,597,2,74,2,2,550,0,620,212
1,30-DEC-2004 01:47:08,598,2,74,2,2,560,0,280,203
2,30-DEC-2004 01:47:10,357,1,68,7,4,6720,0,8200,271,7030,628,6640,109
2,30-DEC-2004 01:47:29,358,2,91,2,2,1180,0,950,273
1,30-DEC-2004 01:47:30,599,1,99,2,2,1300,0,1160,273
2,30-DEC-2004 01:47:32,359,2,88,2,2,960,0,1190,276
1,30-DEC-2004 01:47:33,600,1,84,2,2,910,0,930,293
2,30-DEC-2004 01:47:35,360,2,96,2,2,1020,0,830,277
1,30-DEC-2004 01:47:40,601,1,82,2,2,840,0,970,275
2,30-DEC-2004 01:47:41,361,1,63,9,2,810,0,880,246
1,30-DEC-2004 01:47:55,602,2,118,2,2,960,0,1060,265
2,30-DEC-2004 01:48:15,362,2,103,2,2,920,0,960,269
1,30-DEC-2004 01:48:24,603,1,72,2,2,1750,0,1530,289
1,30-DEC-2004 01:48:29,604,1,86,2,2,790,0,540,269
1,30-DEC-2004 01:48:29,605,2,88,2,2,1060,0,720,265
1,30-DEC-2004 01:48:31,606,2,88,2,2,820,0,520,265
1,30-DEC-2004 01:48:35,607,2,76,2,2,1260,0,1390,275
1,30-DEC-2004 01:48:37,608,1,84,2,2,1130,0,1130,283
2,30-DEC-2004 01:48:51,363,2,110,2,2,310,0,310,249
2,30-DEC-2004 01:48:51,364,3,114,2,2,770,0,810,270
2,30-DEC-2004 01:48:59,365,1,79,2,2,310,0,310,249
1,30-DEC-2004 01:49:01,609,1,71,2,2,1280,0,1140,274
2,30-DEC-2004 01:49:06,366,2,88,2,2,1010,0,1000,243
1,30-DEC-2004 01:49:11,610,3,91,2,2,660,0,680,273
2,30-DEC-2004 01:49:11,367,1,65,7,6,6500,0,7870,260,4670,121,5960,619,6240,121,8770,113
1,30-DEC-2004 01:49:15,611,1,86,2,2,1630,0,1210,280
1,30-DEC-2004 01:49:16,612,3,91,2,2,620,0,710,261
1,30-DEC-2004 01:49:17,613,1,74,2,2,850,0,950,277
1,30-DEC-2004 01:49:19,614,2,103,2,2,810,0,1000,231
2,30-DEC-2004 01:49:17,368,2,114,2,2,850,0,940,270
2,30-DEC-2004 01:49:18,369,3,99,2,2,940,0,590,261
2,30-DEC-2004 01:49:19,370,2,110,2,2,1300,0,830,261
2,30-DEC-2004 01:49:24,371,1,79,2,2,310,0,310,249
1,30-DEC-2004 01:49:26,615,2,66,2,2,700,0,430,248
2,30-DEC-2004 01:49:27,372,1,63,7,5,7180,0,9860,302,7390,622,5620,118,5030,118
1,30-DEC-2004 01:49:36,616,1,72,2,2,860,0,500,262
2,30-DEC-2004 01:49:35,373,1,63,2,2,310,0,310,249
2,30-DEC-2004 01:49:39,374,1,60,3,2,4340,0,11510,353
1,30-DEC-2004 01:50:02,617,2,123,2,2,1150,0,1170,275
1,30-DEC-2004 01:50:05,618,2,118,2,2,1390,0,1190,295
2,30-DEC-2004 01:50:16,375,2,88,2,2,850,0,500,254
1,30-DEC-2004 01:50:18,619,1,96,2,2,1120,0,1010,277
1,30-DEC-2004 01:50:20,620,2,86,6,3,5560,0,4970,452,4590,128
1,30-DEC-2004 01:50:20,621,1,91,2,2,860,0,910,284
2,30-DEC-2004 01:50:22,376,2,103,2,2,930,0,1000,282
1,30-DEC-2004 01:50:30,622,2,88,2,2,960,0,1080,265
2,30-DEC-2004 01:50:39,377,1,78,7,6,7300,0,4340,301,3360,116,3340,584,2720,116,3020,116
1,30-DEC-2004 01:50:43,623,2,91,2,2,810,0,920,273
1,30-DEC-2004 01:50:47,624,2,78,2,2,1070,0,680,252
1,30-DEC-2004 01:50:49,625,3,118,2,2,670,0,880,280
1,30-DEC-2004 01:50:52,626,3,118,2,2,630,0,690,280
1,30-DEC-2004 01:50:52,627,2,72,2,2,1230,0,950,280
2,30-DEC-2004 01:50:59,378,2,86,2,2,860,0,910,269
2,30-DEC-2004 01:51:02,379,2,118,2,2,310,0,310,249
1,30-DEC-2004 01:51:06,628,1,88,2,2,880,0,990,298
1,30-DEC-2004 01:51:07,629,2,94,2,2,870,0,530,245
2,30-DEC-2004 01:51:08,380,1,71,2,2,310,0,310,249
1,30-DEC-2004 01:51:11,630,1,99,2,2,1370,0,1360,311
2,30-DEC-2004 01:51:18,381,2,76,2,2,1040,0,970,265
2,30-DEC-2004 01:51:25,382,2,94,2,2,1010,0,890,281
2,30-DEC-2004 01:51:30,383,3,78,2,2,1120,0,860,281
1,30-DEC-2004 01:51:42,631,1,91,2,2,810,0,620,250
2,30-DEC-2004 01:51:43,384,2,94,2,2,830,0,890,269
1,30-DEC-2004 01:51:45,632,2,118,2,2,1070,0,1250,265
1,30-DEC-2004 01:51:48,633,1,99,2,2,1000,0,940,286
2,30-DEC-2004 01:51:50,385,2,72,7,4,5870,0,6740,344,3170,735,7180,126
2,30-DEC-2004 01:51:51,386,3,82,2,2,840,0,820,275
2,30-DEC-2004 01:51:51,387,1,62,8,3,5540,0,5590,516,7610,147
1,30-DEC-2004 01:52:00,634,3,91,2,2,700,0,700,261
1,30-DEC-2004 01:52:02,635,1,82,6,4,4400,0,4280,173,5940,357,5010,142
1,30-DEC-2004 01:52:17,636,2,110,2,2,1200,0,1040,288
1,30-DEC-2004 01:52:20,637,2,86,2,2,830,0,610,258
2,30-DEC-2004 01:52:25,388,2,84,2,2,1030,0,1190,272
2,30-DEC-2004 01:52:25,389,1,78,9,2,1030,0,970,262
2,30-DEC-2004 01:52:27,390,2,84,3,2,1670,0,1870,356
1,30-DEC-2004 01:52:34,638,2,72,2,2,860,0,480,244
1,30-DEC-2004 01:52:35,639,1,79,4,2,1020,0,1160,298
2,30-DEC-2004 01:52:37,391,1,71,2,2,310,0,310,249
2,30-DEC-2004 01:52:40,392,1,82,2,2,310,0,310,249
1,30-DEC-2004 01:52:56,640,2,94,2,2,1220,0,880,281
2,30-DEC-2004 01:52:57,393,2,96,2,2,930,0,1010,265
1,30-DEC-2004 01:53:00,641,2,84,2,2,900,0,970,272
1,30-DEC-2004 01:53:07,642,2,99,2,2,940,0,710,248
2,30-DEC-2004 01:53:09,394,1,68,7,4,6700,0,9290,288,8570,671,9710,109
2,30-DEC-2004 01:53:10,395,2,84,2,2,1010,0,960,272
1,30-DEC-2004 01:53:11,643,1,68,5,2,4500,0,7280,577
1,30-DEC-2004 01:53:12,644,3,106,2,2,750,0,820,265
1,30-DEC-2004 01:53:13,645,2,96,2,2,1010,0,1060,265
1,30-DEC-2004 01:53:14,646,1,78,2,3,5710,0,8680,613,5970,164
1,30-DEC-2004 01:53:16,647,2,106,2,2,920,0,1050,278
2,30-DEC-2004 01:53:19,396,3,94,2,2,310,0,310,249
2,30-DEC-2004 01:53:19,397,2,99,2,2,310,0,310,249
2,30-DEC-2004 01:53:20,398,2,84,2,2,840,0,940,272
1,30-DEC-2004 01:53:21,648,1,82,2,2,660,0,510,234
1,30-DEC-2004 01:53:21,649,2,96,2,2,1340,0,1490,253
2,30-DEC-2004 01:53:24,399,2,78,2,2,840,0,870,281
2,30-DEC-2004 01:53:41,400,2,88,2,2,660,0,590,221
1,30-DEC-2004 01:53:43,650,1,72,7,6,5580,0,4470,353,3610,144,2670,707,2890,144,2710,153
2,30-DEC-2004 01:53:44,401,3,127,2,2,310,0,310,249
2,30-DEC-2004 01:53:54,402,3,103,2,2,2300,0,2070,334
2,30-DEC-2004 01:53:54,403,2,106,4,2,2270,0,3020,345
2,30-DEC-2004 01:53:55,404,2,88,2,2,850,0,960,276
2,30-DEC-2004 01:53:59,405,1,84,7,6,7120,0,10680,283,9760,114,12180,577,10980,114,8960,114
1,30-DEC-2004 01:54:11,651,1,79,8,2,5720,0,8850,588
2,30-DEC-2004 01:54:12,406,1,65,2,2,310,0,310,249
1,30-DEC-2004 01:54:20,652,1,94,3,2,2290,0,3230,410
2,30-DEC-2004 01:54:20,407,1,68,7,5,7050,0,10050,305,5720,620,6390,118,7600,109
2,30-DEC-2004 01:54:21,408,2,86,2,2,870,0,610,236
2,30-DEC-2004 01:54:22,409,1,72,2,2,310,0,310,249
2,30-DEC-2004 01:54:27,410,2,84,9,2,5910,0,10570,556
2,30-DEC-2004 01:54:28,411,1,82,2,2,1230,0,1060,245
1,30-DEC-2004 01:54:38,653,1,74,2,2,830,0,490,268
2,30-DEC-2004 01:54:38,412,3,103,2,2,860,0,960,269
1,30-DEC-2004 01:54:40,654,2,84,2,2,1100,0,1010,293
2,30-DEC-2004 01:54:40,413,1,86,7,6,7100,0,10730,301,8910,128,8810,561,6670,117,5930,117
1,30-DEC-2004 01:54:41,655,2,88,2,2,910,0,1040,276
2,30-DEC-2004 01:54:43,414,1,74,2,2,310,0,310,249
2,30-DEC-2004 01:54:43,415,2,74,6,2,4090,0,10480,417
2,30-DEC-2004 01:54:44,416,3,96,2,2,770,0,780,265
1,30-DEC-2004 01:54:46,656,2,84,2,2,910,0,1070,272
2,30-DEC-2004 01:54:51,417,1,58,7,5,6950,0,8830,297,6620,587,4930,115,5440,115
2,30-DEC-2004 01:54:53,418,1,63,7,5,6840,0,6070,318,4430,126,6090,326,6940,118
1,30-DEC-2004 01:54:57,657,1,94,3,2,3370,0,7560,492
1,30-DEC-2004 01:55:02,658,2,82,2,2,1170,0,700,265
1,30-DEC-2004 01:55:10,659,1,79,2,2,920,0,640,268
1,30-DEC-2004 01:55:12,660,1,86,2,2,910,0,930,290
2,30-DEC-2004 01:55:15,419,2,96,2,2,1050,0,880,277
2,30-DEC-2004 01:55:20,420,2,78,2,2,850,0,880,281
2,30-DEC-2004 01:55:21,421,2,74,2,2,1070,0,1120,250
2,30-DEC-2004 01:55:28,422,2,78,9,2,6900,0,13950,564
2,30-DEC-2004 01:55:28,423,1,66,2,2,310,0,310,249
1,30-DEC-2004 01:55:31,661,1,84,2,2,730,0,560,251
1,30-DEC-2004 01:55:31,662,2,103,2,2,870,0,930,269
1,30-DEC-2004 01:55:39,663,3,99,2,2,510,0,430,261
1,30-DEC-2004 01:55:40,664,1,78,2,2,1970,0,1390,262
1,30-DEC-2004 01:55:40,665,2,91,8,2,5350,0,9950,558
2,30-DEC-2004 01:55:42,424,2,74,2,2,900,0,850,277
1,30-DEC-2004 01:55:43,666,2,99,2,2,1240,0,1120,298
2,30-DEC-2004 01:55:54,425,2,99,2,2,860,0,980,273
1,30-DEC-2004 01:55:57,667,2,86,2,2,540,0,1070,280
2,30-DEC-2004 01:55:59,426,2,103,2,2,900,0,900,269
1,30-DEC-2004 01:56:00,668,2,99,2,2,860,0,1000,273
1,30-DEC-2004 01:56:00,669,2,103,4,2,850,0,770,256
1,30-DEC-2004 01:56:00,670,3,110,4,2,780,0,650,274
1,30-DEC-2004 01:56:01,671,1,82,7,5,6330,0,6960,357,4060,778,3790,142,3810,142
2,30-DEC-2004 01:56:05,427,2,99,2,2,830,0,870,273
1,30-DEC-2004 01:56:06,672,3,94,2,2,690,0,680,257
1,30-DEC-2004 01:56:07,673,2,94,2,2,920,0,910,269
1,30-DEC-2004 01:56:08,674,1,82,4,2,770,0,720,306
2,30-DEC-2004 01:56:10,428,2,118,2,2,310,0,310,249
1,30-DEC-2004 01:56:16,675,2,106,2,2,1410,0,1390,292
2,30-DEC-2004 01:56:23,429,2,79,2,2,790,0,540,258
2,30-DEC-2004 01:56:27,430,2,88,2,2,870,0,920,287
2,30-DEC-2004 01:56:29,431,2,96,2,2,860,0,890,277
2,30-DEC-2004 01:56:34,432,1,72,7,6,6300,0,7340,280,6520,108,3290,562,3770,117,5530,117
1,30-DEC-2004 01:56:38,676,2,86,2,2,1190,0,1100,258
1,30-DEC-2004 01:56:44,677,1,110,2,2,610,0,740,316
1,30-DEC-2004 01:56:44,678,2,94,2,2,1080,0,1060,257
1,30-DEC-2004 01:56:45,679,2,106,2,2,680,0,390,238
1,30-DEC-2004 01:56:47,680,1,66,7,5,5890,0,6240,57,3280,715,2790,132,3160,132
2,30-DEC-2004 01:56:51,433,3,99,2,2,1310,0,1250,298
2,30-DEC-2004 01:56:54,434,3,106,2,2,1180,0,870,292
2,30-DEC-2004 01:56:57,435,2,94,2,2,670,0,910,234
2,30-DEC-2004 01:57:02,436,1,72,2,2,310,0,310,249
2,30-DEC-2004 01:57:04,437,2,86,2,2,830,0,580,247
1,30-DEC-2004 01:57:10,681,2,96,2,2,800,0,1010,265
2,30-DEC-2004 01:57:10,438,2,103,2,2,310,0,310,249
1,30-DEC-2004 01:57:11,682,1,103,2,2,1000,0,1080,295
2,30-DEC-2004 01:57:12,439,2,96,2,2,1250,0,1610,277
1,30-DEC-2004 01:57:14,683,1,86,2,2,730,0,720,280
2,30-DEC-2004 01:57:31,440,2,79,2,2,1340,0,1190,288
1,30-DEC-2004 01:57:33,684,2,94,2,2,920,0,540,245
2,30-DEC-2004 01:57:36,441,2,99,2,2,860,0,1000,273
2,30-DEC-2004 01:57:37,442,1,76,9,2,6900,0,11130,532
1,30-DEC-2004 01:57:39,685,1,99,4,2,1200,0,960,273
2,30-DEC-2004 01:57:38,443,3,79,2,2,1110,0,880,278
1,30-DEC-2004 01:57:40,686,2,110,2,2,830,0,630,247
2,30-DEC-2004 01:57:42,444,2,91,5,2,2670,0,4760,364
2,30-DEC-2004 01:57:42,445,1,51,7,7,6050,0,7210,327,5490,121,3790,527,2570,637,1160,115,1000,115
2,30-DEC-2004 01:57:47,446,2,74,7,5,5900,0,6740,315,4060,687,2790,129,4860,129
1,30-DEC-2004 01:57:53,687,1,86,2,2,5460,0,10500,593
1,30-DEC-2004 01:57:55,688,2,88,2,2,1150,0,880,287
2,30-DEC-2004 01:58:02,447,2,96,2,2,840,0,570,241
2,30-DEC-2004 01:58:08,448,1,62,8,3,6020,0,5740,508,8450,147
2,30-DEC-2004 01:58:11,449,2,94,2,2,1330,0,850,281
2,30-DEC-2004 01:58:26,450,1,69,2,2,310,0,310,249
2,30-DEC-2004 01:58:31,451,3,96,2,2,860,0,810,265
2,30-DEC-2004 01:58:33,452,2,84,2,2,840,0,930,272
2,30-DEC-2004 01:58:54,453,1,55,7,5,6630,0,11970,274,8410,598,6880,109,11260,116
1,30-DEC-2004 01:59:02,689,3,86,2,2,1230,0,560,258
1,30-DEC-2004 01:59:02,690,2,82,4,2,1470,0,770,234
1,30-DEC-2004 01:59:06,691,1,84,4,2,2240,0,3180,356
2,30-DEC-2004 01:59:07,454,2,96,2,2,940,0,960,277
1,30-DEC-2004 01:59:13,692,2,84,2,2,1310,0,1320,251
2,30-DEC-2004 01:59:14,455,3,91,2,2,780,0,480,238
2,30-DEC-2004 01:59:22,456,1,82,9,2,860,0,940,245
1,30-DEC-2004 01:59:22,693,2,84,2,2,790,0,850,262
2,30-DEC-2004 01:59:23,457,2,96,2,2,910,0,950,265
2,30-DEC-2004 01:59:28,458,2,114,2,2,1030,0,930,284
1,30-DEC-2004 01:59:31,694,1,74,2,3,8980,0,11710,584,7530,157
1,30-DEC-2004 01:59:34,695,2,91,2,2,690,0,520,261
2,30-DEC-2004 01:59:39,459,1,74,9,2,6260,0,11040,547
2,30-DEC-2004 01:59:40,460,2,103,2,2,880,0,920,269
2,30-DEC-2004 01:59:49,461,1,74,2,2,310,0,310,249
1,30-DEC-2004 01:59:51,696,1,88,2,2,970,0,1010,276
