2,30-DEC-2004 02:00:03,1,3,99,2,2,750,0,860,286
2,30-DEC-2004 02:00:04,2,2,91,2,2,850,0,900,261
1,30-DEC-2004 02:00:12,1,2,86,2,2,970,0,1090,258
1,30-DEC-2004 02:00:18,2,2,79,2,2,750,0,780,268
2,30-DEC-2004 02:00:17,3,1,59,8,3,5100,0,3840,413,3730,117
1,30-DEC-2004 02:00:21,3,1,84,2,2,930,0,1110,283
2,30-DEC-2004 02:00:20,4,1,56,3,3,5870,0,5760,433,2450,118
1,30-DEC-2004 02:00:23,4,2,94,2,2,920,0,1020,281
2,30-DEC-2004 02:00:23,5,2,127,2,2,310,0,310,249
1,30-DEC-2004 02:00:30,5,1,110,6,2,3660,0,5680,647
1,30-DEC-2004 02:00:31,6,2,118,2,2,1010,0,1260,280
2,30-DEC-2004 02:00:30,6,1,96,2,2,310,0,310,249
1,30-DEC-2004 02:00:32,7,2,114,2,2,900,0,800,241
1,30-DEC-2004 02:00:36,8,1,84,2,2,900,0,1070,283
2,30-DEC-2004 02:00:36,7,2,96,2,2,860,0,910,277
1,30-DEC-2004 02:00:38,9,1,94,2,2,960,0,1020,304
1,30-DEC-2004 02:00:47,10,2,88,2,2,1030,0,920,221
1,30-DEC-2004 02:00:49,11,3,91,2,2,710,0,390,238
2,30-DEC-2004 02:00:50,8,1,74,3,2,3450,0,6840,417
1,30-DEC-2004 02:00:54,12,2,86,2,2,740,0,810,269
2,30-DEC-2004 02:00:54,9,2,84,2,2,900,0,950,272
2,30-DEC-2004 02:00:57,10,2,82,2,2,920,0,890,275
1,30-DEC-2004 02:00:59,13,2,78,2,2,840,0,630,242
1,30-DEC-2004 02:00:59,14,1,68,2,2,1230,0,1110,262
2,30-DEC-2004 02:01:09,11,3,110,2,2,810,0,810,274
1,30-DEC-2004 02:01:16,15,1,78,7,5,5090,0,4880,340,2600,740,2680,135,2590,125
2,30-DEC-2004 02:01:16,12,1,54,7,5,6080,0,9920,256,3810,595,4860,100,7660,107
2,30-DEC-2004 02:01:17,13,2,103,2,2,920,0,910,269
1,30-DEC-2004 02:01:25,16,1,103,2,2,940,0,1120,295
1,30-DEC-2004 02:01:28,17,2,106,2,2,900,0,870,265
1,30-DEC-2004 02:01:28,18,1,78,6,3,4780,0,5120,525,4140,145
1,30-DEC-2004 02:01:33,19,1,78,7,5,6230,0,6120,379,3040,759,3200,135,3520,135
1,30-DEC-2004 02:01:42,20,2,86,2,2,960,0,1110,269
2,30-DEC-2004 02:01:53,14,2,99,2,2,870,0,890,273
2,30-DEC-2004 02:01:56,15,1,57,7,5,6460,0,9900,263,4960,584,5130,106,6410,106
1,30-DEC-2004 02:01:59,21,2,133,2,2,1010,0,1160,315
2,30-DEC-2004 02:01:58,16,3,88,5,2,2890,0,3900,376
2,30-DEC-2004 02:01:59,17,1,63,7,4,6370,0,7270,334,9180,710,11170,126
1,30-DEC-2004 02:02:00,22,2,127,2,2,910,0,1200,270
1,30-DEC-2004 02:02:05,23,1,79,8,2,4360,0,7880,608
2,30-DEC-2004 02:02:09,18,2,88,2,2,780,0,560,243
2,30-DEC-2004 02:02:10,19,1,78,2,2,310,0,310,249
1,30-DEC-2004 02:02:19,24,1,99,2,2,950,0,960,286
2,30-DEC-2004 02:02:22,20,1,69,2,2,310,0,310,249
2,30-DEC-2004 02:02:25,21,1,69,2,2,310,0,310,249
1,30-DEC-2004 02:02:30,25,1,88,2,2,760,0,810,287
2,30-DEC-2004 02:02:43,22,1,63,2,2,310,0,310,249
1,30-DEC-2004 02:02:45,26,1,71,7,5,5540,0,5870,336,3080,736,2120,123,3370,141
2,30-DEC-2004 02:02:45,23,2,74,2,2,860,0,890,277
1,30-DEC-2004 02:02:46,27,2,78,2,2,760,0,500,242
1,30-DEC-2004 02:02:48,28,2,76,2,2,1190,0,1330,256
1,30-DEC-2004 02:02:54,29,1,76,6,3,6450,0,6120,398,5160,132
2,30-DEC-2004 02:02:57,24,2,79,2,2,970,0,950,278
1,30-DEC-2004 02:02:57,30,1,72,7,5,6450,0,11180,371,9840,753,8230,144,8480,144
2,30-DEC-2004 02:03:04,25,2,63,2,2,1160,0,1390,262
2,30-DEC-2004 02:03:04,26,1,68,7,5,6930,0,8930,305,6030,654,6290,109,6600,118
2,30-DEC-2004 02:03:08,27,2,72,7,5,5590,0,9280,335,5660,689,5300,126,6390,126
2,30-DEC-2004 02:03:09,28,1,47,7,5,6670,0,8720,297,5350,643,4680,118,6960,118
2,30-DEC-2004 02:03:09,29,3,106,2,2,810,0,670,252
2,30-DEC-2004 02:03:10,30,2,84,2,2,890,0,940,272
1,30-DEC-2004 02:03:13,31,2,96,2,2,910,0,1060,265
2,30-DEC-2004 02:03:15,31,1,65,2,2,310,0,310,249
2,30-DEC-2004 02:03:16,32,3,88,2,2,990,0,660,254
1,30-DEC-2004 02:03:17,32,1,118,2,2,950,0,1130,280
1,30-DEC-2004 02:03:21,33,2,94,2,2,1180,0,880,257
1,30-DEC-2004 02:03:24,34,1,71,9,4,6800,0,6790,150,10470,363,7750,141
1,30-DEC-2004 02:03:26,35,2,94,2,2,920,0,550,245
1,30-DEC-2004 02:03:29,36,1,86,4,2,2260,0,2980,355
2,30-DEC-2004 02:03:27,33,3,114,2,2,310,0,310,249
2,30-DEC-2004 02:03:28,34,2,94,2,2,870,0,960,269
2,30-DEC-2004 02:03:30,35,1,103,2,2,310,0,310,249
2,30-DEC-2004 02:03:30,36,3,103,2,2,1260,0,920,282
2,30-DEC-2004 02:03:32,37,3,103,2,2,790,0,830,269
2,30-DEC-2004 02:03:32,38,2,88,2,2,1070,0,720,276
1,30-DEC-2004 02:03:33,37,2,114,2,2,950,0,620,270
1,30-DEC-2004 02:03:36,38,2,99,2,2,930,0,990,261
1,30-DEC-2004 02:03:38,39,3,106,2,2,630,0,700,278
1,30-DEC-2004 02:03:38,40,2,99,2,2,1240,0,1160,248
1,30-DEC-2004 02:03:39,41,1,91,8,2,5690,0,10710,581
1,30-DEC-2004 02:03:40,42,2,94,2,2,880,0,950,269
2,30-DEC-2004 02:03:40,39,3,88,2,2,820,0,940,276
1,30-DEC-2004 02:03:45,43,1,86,2,2,1290,0,1120,269
2,30-DEC-2004 02:03:44,40,1,78,7,5,7130,0,7020,320,4640,662,4630,125,5260,116
1,30-DEC-2004 02:04:01,44,2,78,2,2,820,0,600,242
1,30-DEC-2004 02:04:01,45,1,91,4,2,1200,0,890,284
1,30-DEC-2004 02:04:05,46,2,88,2,2,1010,0,820,276
1,30-DEC-2004 02:04:06,47,2,94,2,2,1220,0,1080,281
2,30-DEC-2004 02:04:18,41,1,63,7,5,6490,0,7570,310,5010,638,2720,110,2910,110
1,30-DEC-2004 02:04:20,48,1,91,2,2,720,0,830,296
1,30-DEC-2004 02:04:28,49,2,84,2,2,1280,0,1080,272
1,30-DEC-2004 02:04:29,50,1,82,2,2,990,0,1480,296
2,30-DEC-2004 02:04:48,42,1,72,2,2,310,0,310,249
1,30-DEC-2004 02:04:50,51,2,76,2,2,1170,0,970,246
1,30-DEC-2004 02:04:52,52,1,91,2,2,960,0,1140,284
2,30-DEC-2004 02:04:53,43,1,86,2,2,310,0,310,249
1,30-DEC-2004 02:05:01,53,1,96,4,2,980,0,980,289
1,30-DEC-2004 02:05:07,54,1,103,2,2,1250,0,1310,295
2,30-DEC-2004 02:05:08,44,1,71,2,2,310,0,310,249
1,30-DEC-2004 02:05:10,55,2,103,2,2,930,0,1040,269
1,30-DEC-2004 02:05:13,56,2,99,2,2,1110,0,720,261
1,30-DEC-2004 02:05:17,57,2,88,2,2,980,0,700,265
1,30-DEC-2004 02:05:18,58,1,84,2,2,890,0,1000,293
1,30-DEC-2004 02:05:23,59,1,99,2,2,1010,0,970,273
1,30-DEC-2004 02:05:26,60,2,86,2,2,900,0,960,269
1,30-DEC-2004 02:05:29,61,1,86,2,2,900,0,1000,269
1,30-DEC-2004 02:05:30,62,3,99,2,2,730,0,760,261
1,30-DEC-2004 02:05:31,63,2,94,2,2,910,0,980,281
2,30-DEC-2004 02:05:30,45,2,82,2,2,890,0,880,275
1,30-DEC-2004 02:05:34,64,1,96,2,2,840,0,950,289
2,30-DEC-2004 02:05:35,46,2,94,2,2,310,0,310,249
1,30-DEC-2004 02:05:43,65,2,82,2,2,810,0,960,275
1,30-DEC-2004 02:05:46,66,2,99,2,2,1140,0,900,273
1,30-DEC-2004 02:05:50,67,2,88,2,2,870,0,630,243
1,30-DEC-2004 02:05:51,68,2,96,2,2,500,0,550,253
1,30-DEC-2004 02:05:57,69,3,86,2,2,750,0,1100,258
1,30-DEC-2004 02:06:00,70,2,84,2,2,950,0,870,251
1,30-DEC-2004 02:06:03,71,1,82,2,2,960,0,660,265
1,30-DEC-2004 02:06:09,72,2,76,2,2,1130,0,1030,294
2,30-DEC-2004 02:06:09,47,1,62,2,2,310,0,310,249
2,30-DEC-2004 02:06:12,48,1,71,2,2,310,0,310,249
2,30-DEC-2004 02:06:15,49,1,66,2,2,310,0,310,249
2,30-DEC-2004 02:06:28,50,2,99,2,2,890,0,1000,273
1,30-DEC-2004 02:06:28,73,2,78,2,2,1020,0,750,272
2,30-DEC-2004 02:06:34,51,1,72,2,2,310,0,310,249
1,30-DEC-2004 02:06:37,74,1,79,7,4,5690,0,6330,338,3970,788,3500,128
1,30-DEC-2004 02:06:41,75,1,86,7,5,5630,0,7140,355,3270,787,2750,139,4070,139
1,30-DEC-2004 02:06:49,76,1,79,2,2,910,0,630,258
2,30-DEC-2004 02:06:56,52,1,74,2,2,310,0,310,249
2,30-DEC-2004 02:07:02,53,2,84,2,2,840,0,910,262
2,30-DEC-2004 02:07:04,54,2,84,5,2,2840,0,5070,314
2,30-DEC-2004 02:07:08,55,2,79,2,2,1350,0,1320,258
2,30-DEC-2004 02:07:13,56,3,82,2,2,1000,0,720,275
2,30-DEC-2004 02:07:17,57,1,78,7,5,7960,0,10890,320,7940,662,6730,125,6980,116
1,30-DEC-2004 02:07:26,77,1,78,2,2,1200,0,880,291
2,30-DEC-2004 02:07:31,58,2,103,2,2,1080,0,930,282
2,30-DEC-2004 02:07:35,59,3,94,2,2,870,0,810,269
2,30-DEC-2004 02:07:36,60,2,86,2,2,1140,0,1050,280
1,30-DEC-2004 02:07:43,78,1,110,2,2,870,0,1000,288
1,30-DEC-2004 02:07:45,79,2,99,2,2,920,0,950,273
1,30-DEC-2004 02:07:46,80,3,123,2,2,620,0,700,275
1,30-DEC-2004 02:07:48,81,1,91,2,2,1020,0,1150,273
1,30-DEC-2004 02:07:48,82,3,118,2,2,680,0,770,280
1,30-DEC-2004 02:07:51,83,2,103,2,2,990,0,1180,269
1,30-DEC-2004 02:07:53,84,1,84,4,3,7100,0,10280,314,260,293
1,30-DEC-2004 02:07:59,85,1,76,6,3,7510,0,13350,370,9260,141
1,30-DEC-2004 02:07:59,86,2,91,2,2,890,0,960,261
1,30-DEC-2004 02:08:03,87,1,78,7,5,6020,0,6650,340,3230,769,2610,135,3810,135
1,30-DEC-2004 02:08:36,88,1,86,6,2,2530,0,4740,658
1,30-DEC-2004 02:08:46,89,2,91,2,2,830,0,660,250
2,30-DEC-2004 02:08:52,61,1,91,2,2,310,0,310,249
1,30-DEC-2004 02:08:53,90,1,65,7,4,6720,0,13310,341,9890,447,12420,137
1,30-DEC-2004 02:09:02,91,1,79,2,2,850,0,890,278
1,30-DEC-2004 02:09:02,92,2,94,2,2,920,0,850,257
1,30-DEC-2004 02:09:05,93,2,91,2,2,970,0,780,261
1,30-DEC-2004 02:09:08,94,3,94,2,2,770,0,680,281
1,30-DEC-2004 02:09:14,95,1,66,2,2,810,0,490,257
1,30-DEC-2004 02:09:14,96,2,69,2,2,1050,0,880,268
2,30-DEC-2004 02:09:22,62,2,94,2,2,860,0,950,269
1,30-DEC-2004 02:09:25,97,2,78,2,2,1020,0,710,262
1,30-DEC-2004 02:09:29,98,2,84,2,2,900,0,900,272
2,30-DEC-2004 02:09:28,63,2,78,2,2,900,0,910,272
1,30-DEC-2004 02:09:41,99,2,94,2,2,720,0,610,245
2,30-DEC-2004 02:09:42,64,2,94,2,2,860,0,840,269
2,30-DEC-2004 02:09:46,65,2,69,9,2,1090,0,800,259
1,30-DEC-2004 02:09:47,100,1,103,2,2,980,0,1110,282
2,30-DEC-2004 02:09:51,66,2,79,2,2,1030,0,790,268
2,30-DEC-2004 02:09:52,67,2,71,2,2,950,0,890,212
2,30-DEC-2004 02:09:52,68,1,72,2,2,310,0,310,249
2,30-DEC-2004 02:10:03,69,2,86,2,2,950,0,1040,258
2,30-DEC-2004 02:10:06,70,1,63,7,5,5990,0,9440,278,7530,614,5370,110,4330,110
1,30-DEC-2004 02:10:14,101,2,103,2,2,1160,0,690,256
2,30-DEC-2004 02:10:14,71,2,133,2,2,310,0,310,249
2,30-DEC-2004 02:10:16,72,3,76,2,2,990,0,730,217
2,30-DEC-2004 02:10:18,73,3,94,2,2,1130,0,810,269
2,30-DEC-2004 02:10:19,74,3,96,2,2,1020,0,1080,301
1,30-DEC-2004 02:10:23,102,1,84,2,2,730,0,720,283
2,30-DEC-2004 02:10:24,75,3,88,2,2,1150,0,770,254
2,30-DEC-2004 02:10:24,76,2,86,2,2,1120,0,980,258
2,30-DEC-2004 02:10:31,77,1,72,9,2,930,0,1040,253
1,30-DEC-2004 02:10:38,103,3,88,2,2,640,0,620,276
1,30-DEC-2004 02:10:39,104,2,96,2,2,830,0,880,277
1,30-DEC-2004 02:10:39,105,1,79,2,2,870,0,920,288
2,30-DEC-2004 02:10:41,78,2,88,2,2,880,0,980,265
1,30-DEC-2004 02:10:49,106,1,79,2,2,800,0,840,288
1,30-DEC-2004 02:10:51,107,2,91,2,2,1060,0,690,261
2,30-DEC-2004 02:10:58,79,2,94,2,2,730,0,680,281
1,30-DEC-2004 02:11:05,108,1,99,2,2,980,0,560,286
1,30-DEC-2004 02:11:07,109,2,86,2,2,910,0,820,280
1,30-DEC-2004 02:11:09,110,1,79,2,2,780,0,810,278
1,30-DEC-2004 02:11:13,111,1,103,2,2,900,0,1000,295
2,30-DEC-2004 02:11:14,80,2,79,2,2,1150,0,990,288
1,30-DEC-2004 02:11:23,112,1,88,7,5,4610,0,5920,354,2910,776,2480,143,3660,143
1,30-DEC-2004 02:11:23,113,1,84,2,2,650,0,730,272
1,30-DEC-2004 02:11:23,114,2,86,4,2,900,0,1010,280
2,30-DEC-2004 02:11:29,81,2,72,2,2,860,0,890,280
1,30-DEC-2004 02:11:32,115,1,96,2,2,930,0,1070,289
2,30-DEC-2004 02:11:32,82,1,62,7,6,6460,0,7380,281,5560,108,4520,571,5590,108,7340,108
2,30-DEC-2004 02:11:32,83,2,78,2,2,810,0,470,252
1,30-DEC-2004 02:11:37,116,3,114,2,2,740,0,770,270
1,30-DEC-2004 02:11:37,117,1,84,2,2,800,0,1070,293
2,30-DEC-2004 02:11:36,84,2,118,2,2,900,0,880,265
1,30-DEC-2004 02:11:40,118,2,94,2,2,940,0,950,281
2,30-DEC-2004 02:11:41,85,1,72,9,2,7510,0,11790,544
2,30-DEC-2004 02:11:44,86,3,123,2,2,310,0,310,249
2,30-DEC-2004 02:11:45,87,2,118,2,2,1200,0,940,280
1,30-DEC-2004 02:11:48,119,2,96,2,2,1000,0,1170,277
2,30-DEC-2004 02:11:55,88,2,96,2,2,1150,0,840,265
1,30-DEC-2004 02:12:06,120,1,76,2,3,6580,0,6170,579,8930,170
1,30-DEC-2004 02:12:13,121,1,76,2,2,880,0,990,284
2,30-DEC-2004 02:12:15,89,1,69,7,6,7150,0,7310,251,4960,112,6160,572,5470,112,7170,112
1,30-DEC-2004 02:12:17,122,1,79,2,2,1350,0,1340,268
2,30-DEC-2004 02:12:20,90,1,62,7,5,7210,0,8970,304,5620,610,5330,124,6100,116
2,30-DEC-2004 02:12:25,91,3,123,2,2,1330,0,1440,275
2,30-DEC-2004 02:12:27,92,1,94,2,2,310,0,310,249
1,30-DEC-2004 02:12:30,123,1,96,5,2,4600,0,5540,520
1,30-DEC-2004 02:12:31,124,1,88,2,2,830,0,940,298
1,30-DEC-2004 02:12:32,125,2,94,2,2,900,0,1010,269
1,30-DEC-2004 02:12:32,126,1,106,2,2,700,0,890,705
1,30-DEC-2004 02:12:33,127,2,103,8,2,4390,0,4950,682
1,30-DEC-2004 02:12:34,128,3,110,2,2,820,0,680,274
1,30-DEC-2004 02:12:38,129,1,96,2,2,1300,0,1270,253
2,30-DEC-2004 02:12:41,93,2,79,2,2,930,0,950,268
1,30-DEC-2004 02:12:41,130,1,79,2,2,920,0,620,268
2,30-DEC-2004 02:12:51,94,1,72,9,2,6720,0,12100,517
2,30-DEC-2004 02:12:53,95,1,88,2,2,310,0,310,249
1,30-DEC-2004 02:12:58,131,1,118,4,2,910,0,1380,280
2,30-DEC-2004 02:12:57,96,2,133,2,2,310,0,310,249
2,30-DEC-2004 02:13:11,97,2,94,2,2,1000,0,720,257
2,30-DEC-2004 02:13:13,98,1,74,9,2,1090,0,1060,240
2,30-DEC-2004 02:13:20,99,2,79,2,2,830,0,820,268
1,30-DEC-2004 02:13:26,132,2,65,7,4,6440,0,16310,333,5270,790,7360,129
1,30-DEC-2004 02:13:28,133,1,37,7,6,3320,0,2570,296,6770,291,5520,124,6720,250,5950,124
2,30-DEC-2004 02:13:28,100,2,79,2,2,1050,0,910,278
1,30-DEC-2004 02:13:32,134,1,31,2,2,2310,0,2910,347
2,30-DEC-2004 02:13:35,101,1,61,9,2,4040,0,8950,337
1,30-DEC-2004 02:13:35,135,2,76,7,5,5170,0,4710,360,2470,722,2190,132,4280,122
2,30-DEC-2004 02:13:58,102,2,84,2,2,870,0,880,272
2,30-DEC-2004 02:13:59,103,1,76,7,5,3560,0,11570,256,5560,703,5040,122,4530,113
2,30-DEC-2004 02:14:00,104,1,88,2,2,310,0,310,249
2,30-DEC-2004 02:14:11,105,1,68,3,2,2600,0,2890,322
1,30-DEC-2004 02:14:26,136,2,106,2,2,960,0,1030,278
2,30-DEC-2004 02:14:30,106,1,76,2,2,310,0,310,249
1,30-DEC-2004 02:14:31,137,2,94,2,2,900,0,1000,281
2,30-DEC-2004 02:14:31,107,2,88,2,2,1190,0,810,265
1,30-DEC-2004 02:14:33,138,1,86,4,2,650,0,380,269
1,30-DEC-2004 02:14:33,139,2,86,4,2,930,0,630,258
1,30-DEC-2004 02:14:37,140,1,86,2,2,900,0,900,280
2,30-DEC-2004 02:14:43,108,2,96,2,2,940,0,960,265
2,30-DEC-2004 02:14:47,109,1,58,2,2,310,0,310,249
1,30-DEC-2004 02:15:03,141,2,103,2,2,990,0,1150,269
2,30-DEC-2004 02:15:08,110,2,74,2,2,1490,0,930,259
1,30-DEC-2004 02:15:10,142,1,86,2,2,810,0,570,269
1,30-DEC-2004 02:15:11,143,2,91,2,2,1480,0,1500,284
1,30-DEC-2004 02:15:16,144,1,78,2,2,1260,0,1340,291
1,30-DEC-2004 02:15:23,145,1,78,8,3,6270,0,5500,584,8400,174
2,30-DEC-2004 02:15:27,111,2,86,2,2,910,0,890,280
2,30-DEC-2004 02:15:30,112,2,94,2,2,860,0,1100,281
1,30-DEC-2004 02:15:53,146,1,82,2,2,910,0,900,296
1,30-DEC-2004 02:16:06,147,1,88,2,2,770,0,460,254
1,30-DEC-2004 02:16:11,148,2,123,2,2,1300,0,980,260
1,30-DEC-2004 02:16:21,149,2,103,2,2,1010,0,960,269
1,30-DEC-2004 02:16:22,150,1,110,2,2,1000,0,1020,288
1,30-DEC-2004 02:16:27,151,1,78,7,6,5810,0,5190,350,4770,135,2880,701,3260,145,4450,145
2,30-DEC-2004 02:16:26,113,1,106,2,2,310,0,310,249
2,30-DEC-2004 02:16:29,114,2,103,2,2,1250,0,1050,269
1,30-DEC-2004 02:16:31,152,2,96,2,2,1240,0,1140,301
1,30-DEC-2004 02:16:32,153,1,91,8,2,5650,0,10070,570
2,30-DEC-2004 02:16:35,115,1,78,2,2,1020,0,1040,252
1,30-DEC-2004 02:16:36,154,2,88,2,2,1240,0,1340,310
2,30-DEC-2004 02:16:46,116,2,127,2,2,310,0,310,249
1,30-DEC-2004 02:16:52,155,1,91,2,2,900,0,740,261
1,30-DEC-2004 02:16:55,156,3,123,2,2,480,0,1010,275
1,30-DEC-2004 02:16:56,157,2,123,2,2,930,0,1240,275
1,30-DEC-2004 02:17:06,158,2,74,7,4,5650,0,9790,324,11160,417,8930,129
1,30-DEC-2004 02:17:07,159,1,78,2,3,5930,0,9160,613,6080,155
1,30-DEC-2004 02:17:08,160,3,99,2,2,310,0,310,249
2,30-DEC-2004 02:17:13,117,1,79,7,6,7410,0,3870,278,4170,118,4280,588,4580,118,4470,118
1,30-DEC-2004 02:17:14,161,1,82,7,5,6190,0,5270,388,2360,747,2490,142,3220,132
1,30-DEC-2004 02:17:33,162,2,103,2,2,900,0,930,282
1,30-DEC-2004 02:17:33,163,3,103,2,2,760,0,480,256
1,30-DEC-2004 02:17:39,164,2,127,2,2,1190,0,690,254
1,30-DEC-2004 02:17:47,165,1,79,5,2,3590,0,4340,568
1,30-DEC-2004 02:17:49,166,1,82,6,3,5490,0,5550,378,5340,142
2,30-DEC-2004 02:17:49,118,1,66,2,2,3950,0,6020,298
1,30-DEC-2004 02:17:52,167,2,91,8,2,5530,0,9930,570
2,30-DEC-2004 02:17:55,119,2,86,2,2,820,0,990,269
1,30-DEC-2004 02:18:06,168,3,96,2,2,640,0,730,277
2,30-DEC-2004 02:18:33,120,3,84,2,2,1200,0,1180,262
1,30-DEC-2004 02:18:34,169,2,110,2,2,310,0,310,249
1,30-DEC-2004 02:18:34,170,1,91,6,2,3240,0,5400,627
1,30-DEC-2004 02:18:39,171,1,99,2,2,750,0,500,261
1,30-DEC-2004 02:18:42,172,3,106,2,2,920,0,640,252
1,30-DEC-2004 02:18:44,173,1,74,7,5,5150,0,4570,333,1350,742,2170,119,1990,129
1,30-DEC-2004 02:18:45,174,2,94,2,2,960,0,920,269
1,30-DEC-2004 02:18:46,175,2,84,2,2,1190,0,1390,251
1,30-DEC-2004 02:18:47,176,1,72,7,5,6010,0,5170,380,2780,735,1630,144,4210,126
1,30-DEC-2004 02:18:52,177,2,79,2,2,1280,0,1150,308
2,30-DEC-2004 02:18:54,121,2,91,2,2,1300,0,1050,284
2,30-DEC-2004 02:18:55,122,3,91,2,2,830,0,960,273
1,30-DEC-2004 02:19:01,178,1,94,2,2,880,0,980,281
2,30-DEC-2004 02:19:01,123,1,86,2,2,310,0,310,249
1,30-DEC-2004 02:19:04,179,1,84,6,3,4510,0,4320,514,3910,146
1,30-DEC-2004 02:19:26,180,1,74,2,2,910,0,530,277
2,30-DEC-2004 02:19:28,124,1,79,2,2,310,0,310,249
2,30-DEC-2004 02:19:35,125,2,99,2,2,870,0,1020,261
2,30-DEC-2004 02:19:36,126,3,99,2,2,310,0,310,249
2,30-DEC-2004 02:19:36,127,2,99,4,2,1390,0,940,261
1,30-DEC-2004 02:19:38,181,2,74,2,2,720,0,630,259
1,30-DEC-2004 02:19:41,182,1,88,6,2,2890,0,4770,621
1,30-DEC-2004 02:19:42,183,1,78,2,2,910,0,980,281
1,30-DEC-2004 02:19:42,184,2,82,2,2,800,0,830,275
1,30-DEC-2004 02:19:47,185,2,86,2,2,870,0,500,247
2,30-DEC-2004 02:19:48,128,3,114,2,2,900,0,990,298
2,30-DEC-2004 02:20:02,129,2,88,2,2,890,0,920,276
1,30-DEC-2004 02:20:11,186,1,99,2,2,820,0,900,286
1,30-DEC-2004 02:20:13,187,2,88,2,2,840,0,860,276
1,30-DEC-2004 02:20:19,188,2,84,2,2,780,0,850,262
2,30-DEC-2004 02:20:21,130,2,118,2,2,1010,0,1190,280
1,30-DEC-2004 02:20:23,189,2,84,2,2,910,0,1010,272
1,30-DEC-2004 02:20:24,190,1,86,2,2,1470,0,1650,269
1,30-DEC-2004 02:20:26,191,2,94,2,2,820,0,990,281
1,30-DEC-2004 02:20:29,192,1,68,2,2,900,0,1000,279
2,30-DEC-2004 02:20:28,131,2,94,2,2,730,0,590,234
1,30-DEC-2004 02:20:31,193,2,99,2,2,880,0,960,273
2,30-DEC-2004 02:20:30,132,1,61,7,4,6990,0,12920,275,9310,598,11830,98
1,30-DEC-2004 02:20:32,194,2,103,2,2,850,0,790,321
1,30-DEC-2004 02:20:32,195,1,96,2,2,1070,0,1110,289
1,30-DEC-2004 02:20:37,196,1,84,2,2,690,0,820,272
2,30-DEC-2004 02:20:45,133,2,88,2,2,910,0,910,276
1,30-DEC-2004 02:21:10,197,2,114,2,2,920,0,770,241
2,30-DEC-2004 02:21:19,134,1,71,2,2,310,0,310,249
1,30-DEC-2004 02:21:22,198,2,96,2,2,870,0,990,277
1,30-DEC-2004 02:21:25,199,3,96,2,2,590,0,380,241
1,30-DEC-2004 02:21:26,200,2,96,2,2,1400,0,900,265
2,30-DEC-2004 02:21:25,135,1,72,7,5,6440,0,9230,298,5310,662,5140,117,6170,117
1,30-DEC-2004 02:21:47,201,3,99,2,2,940,0,780,286
1,30-DEC-2004 02:21:47,202,1,84,4,2,890,0,860,293
1,30-DEC-2004 02:21:49,203,2,99,2,2,1090,0,850,273
2,30-DEC-2004 02:21:48,136,2,82,2,2,1110,0,1030,255
2,30-DEC-2004 02:21:52,137,1,65,9,2,1140,0,730,235
1,30-DEC-2004 02:22:05,204,1,76,2,2,1090,0,1320,284
2,30-DEC-2004 02:22:30,138,2,127,2,2,310,0,310,249
1,30-DEC-2004 02:22:37,205,1,71,2,2,770,0,3850,541
1,30-DEC-2004 02:22:41,206,2,82,2,2,720,0,820,286
1,30-DEC-2004 02:22:42,207,1,79,2,2,870,0,940,278
1,30-DEC-2004 02:22:43,208,2,76,2,2,1260,0,930,275
1,30-DEC-2004 02:22:43,209,1,74,2,2,990,0,670,259
1,30-DEC-2004 02:22:45,210,1,74,3,2,2430,0,2660,398
2,30-DEC-2004 02:22:46,139,1,82,3,2,4320,0,5420,378
1,30-DEC-2004 02:22:47,211,1,72,4,2,2070,0,2390,362
2,30-DEC-2004 02:22:50,140,2,94,2,2,440,0,590,222
2,30-DEC-2004 02:23:00,141,1,65,8,3,5690,0,5740,496,7820,137
1,30-DEC-2004 02:23:02,212,1,74,2,2,810,0,870,287
1,30-DEC-2004 02:23:07,213,1,69,2,2,830,0,910,277
1,30-DEC-2004 02:23:21,214,1,78,2,2,810,0,590,252
1,30-DEC-2004 02:23:27,215,2,110,2,2,760,0,800,274
1,30-DEC-2004 02:23:30,216,2,99,2,2,900,0,1130,261
1,30-DEC-2004 02:23:32,217,1,82,7,4,5130,0,5960,357,4320,809,3540,142
2,30-DEC-2004 02:23:35,142,2,86,9,2,1000,0,1030,258
1,30-DEC-2004 02:23:43,218,1,74,2,2,1100,0,970,277
1,30-DEC-2004 02:23:47,219,2,79,2,2,1150,0,1410,248
1,30-DEC-2004 02:23:55,220,2,84,4,2,2260,0,3200,346
1,30-DEC-2004 02:23:56,221,1,79,6,3,6690,0,11870,398,8100,138
2,30-DEC-2004 02:24:01,143,1,71,2,2,310,0,310,249
1,30-DEC-2004 02:24:22,222,2,82,2,2,840,0,920,275
1,30-DEC-2004 02:24:23,223,1,72,2,2,770,0,590,244
1,30-DEC-2004 02:24:24,224,2,82,2,2,830,0,1010,255
1,30-DEC-2004 02:24:28,225,3,99,2,2,640,0,740,261
1,30-DEC-2004 02:24:28,226,2,84,2,2,590,0,1120,230
1,30-DEC-2004 02:24:31,227,1,88,7,4,6180,0,5650,398,4230,898,3600,165
1,30-DEC-2004 02:24:33,228,2,91,2,2,910,0,990,261
1,30-DEC-2004 02:24:33,229,1,82,6,3,5230,0,5420,562,4080,152
1,30-DEC-2004 02:24:37,230,2,79,2,2,900,0,500,248
2,30-DEC-2004 02:24:46,144,1,66,3,2,5070,0,7890,490
1,30-DEC-2004 02:24:50,231,1,74,9,4,6480,0,4900,184,6000,380,4280,138
1,30-DEC-2004 02:24:54,232,1,78,2,2,770,0,870,281
1,30-DEC-2004 02:24:55,233,2,84,2,2,990,0,1080,241
1,30-DEC-2004 02:25:10,234,2,86,2,2,980,0,750,269
2,30-DEC-2004 02:25:11,145,2,88,2,2,790,0,830,265
1,30-DEC-2004 02:25:12,235,1,82,7,6,6550,0,6090,347,4480,152,3930,788,3880,152,4220,142
2,30-DEC-2004 02:25:12,146,2,86,2,2,920,0,1200,290
2,30-DEC-2004 02:25:14,147,2,82,2,2,1060,0,1210,275
1,30-DEC-2004 02:25:16,236,2,91,2,2,910,0,920,284
1,30-DEC-2004 02:25:26,237,2,88,2,2,1010,0,670,276
1,30-DEC-2004 02:25:28,238,1,91,8,2,6130,0,9830,638
2,30-DEC-2004 02:25:36,148,3,103,2,2,1030,0,830,256
2,30-DEC-2004 02:25:36,149,2,65,2,2,890,0,860,268
2,30-DEC-2004 02:25:39,150,2,76,2,2,840,0,790,275
2,30-DEC-2004 02:25:47,151,1,84,2,2,310,0,310,249
2,30-DEC-2004 02:26:00,152,2,78,6,2,1600,0,8220,408
2,30-DEC-2004 02:26:02,153,1,66,3,2,3170,0,5900,432
2,30-DEC-2004 02:26:07,154,1,69,9,2,6170,0,11170,511
1,30-DEC-2004 02:26:10,239,2,110,2,2,880,0,1030,274
1,30-DEC-2004 02:26:12,240,2,106,2,2,1210,0,910,278
2,30-DEC-2004 02:26:19,155,1,66,7,4,5960,0,4870,282,1880,607,3770,215
1,30-DEC-2004 02:26:28,241,2,84,2,2,810,0,930,272
2,30-DEC-2004 02:26:45,156,1,59,8,3,5700,0,5530,487,7510,139
2,30-DEC-2004 02:26:47,157,1,63,2,2,310,0,310,249
2,30-DEC-2004 02:26:59,158,2,84,7,5,5740,0,3940,356,4240,672,2390,135,3070,125
2,30-DEC-2004 02:27:07,159,1,49,8,2,5740,0,8800,503
1,30-DEC-2004 02:27:12,242,2,79,2,2,1170,0,1310,288
1,30-DEC-2004 02:27:14,243,1,82,2,2,920,0,960,275
1,30-DEC-2004 02:27:14,244,2,82,2,2,990,0,770,265
2,30-DEC-2004 02:27:20,160,2,76,2,2,870,0,930,275
1,30-DEC-2004 02:27:24,245,3,127,2,2,520,0,670,270
1,30-DEC-2004 02:27:27,246,1,94,2,2,890,0,890,293
2,30-DEC-2004 02:27:31,161,2,110,2,2,1500,0,1110,288
1,30-DEC-2004 02:27:35,247,2,114,2,2,960,0,1100,270
2,30-DEC-2004 02:27:36,162,2,96,2,2,940,0,920,265
1,30-DEC-2004 02:27:43,248,2,86,2,2,980,0,670,247
2,30-DEC-2004 02:27:43,163,2,91,2,2,880,0,920,273
2,30-DEC-2004 02:27:50,164,2,84,2,2,910,0,1040,272
1,30-DEC-2004 02:27:53,249,1,79,7,5,6120,0,5390,368,4340,698,2070,138,3240,138
1,30-DEC-2004 02:27:53,250,1,78,2,2,680,0,720,272
1,30-DEC-2004 02:27:55,251,2,94,2,2,1000,0,1070,257
1,30-DEC-2004 02:27:56,252,1,84,3,2,1380,0,1320,304
1,30-DEC-2004 02:28:00,253,2,96,2,2,950,0,1030,289
1,30-DEC-2004 02:28:06,254,1,94,6,2,5010,0,8150,681
1,30-DEC-2004 02:28:18,255,1,91,2,2,990,0,1290,284
1,30-DEC-2004 02:28:26,256,2,66,2,2,690,0,680,257
1,30-DEC-2004 02:28:27,257,1,63,7,6,6860,0,5960,358,3820,150,2930,830,2670,150,4570,142
2,30-DEC-2004 02:28:33,165,1,74,3,2,2610,0,3470,305
2,30-DEC-2004 02:28:45,166,2,94,2,2,1290,0,960,293
2,30-DEC-2004 02:28:49,167,3,79,2,2,310,0,310,249
2,30-DEC-2004 02:28:51,168,3,79,2,2,800,0,590,268
2,30-DEC-2004 02:29:15,169,1,84,2,2,310,0,310,249
1,30-DEC-2004 02:29:18,258,2,99,2,2,940,0,950,286
2,30-DEC-2004 02:29:25,170,3,118,2,2,1150,0,1200,265
2,30-DEC-2004 02:29:28,171,2,123,2,2,310,0,310,249
2,30-DEC-2004 02:29:29,172,3,127,2,2,310,0,310,249
1,30-DEC-2004 02:29:41,259,1,103,2,2,1010,0,1090,295
2,30-DEC-2004 02:29:43,173,2,91,2,2,1340,0,910,250
1,30-DEC-2004 02:29:58,260,1,94,5,2,5430,0,8720,587
2,30-DEC-2004 02:30:04,174,3,96,2,2,900,0,910,265
2,30-DEC-2004 02:30:05,175,2,96,2,2,960,0,950,265
2,30-DEC-2004 02:30:06,176,2,84,2,2,1040,0,1010,272
1,30-DEC-2004 02:30:13,261,1,99,2,2,790,0,790,311
2,30-DEC-2004 02:30:21,177,1,86,2,2,310,0,310,249
1,30-DEC-2004 02:30:23,262,2,99,2,2,910,0,820,248
1,30-DEC-2004 02:30:31,263,3,106,2,2,520,0,590,278
1,30-DEC-2004 02:30:34,264,2,94,2,2,1000,0,720,269
1,30-DEC-2004 02:31:00,265,1,76,2,2,830,0,900,275
1,30-DEC-2004 02:31:00,266,2,106,2,2,870,0,560,278
1,30-DEC-2004 02:31:06,267,2,94,2,2,1030,0,780,245
1,30-DEC-2004 02:31:07,268,1,96,2,2,890,0,620,253
2,30-DEC-2004 02:31:16,178,1,65,9,2,880,0,810,268
2,30-DEC-2004 02:31:18,179,2,72,2,2,870,0,530,253
2,30-DEC-2004 02:31:25,180,2,79,2,2,840,0,850,278
1,30-DEC-2004 02:31:26,269,2,114,2,2,1010,0,1150,270
1,30-DEC-2004 02:31:32,270,1,86,2,2,920,0,1100,280
2,30-DEC-2004 02:31:35,181,3,114,2,2,310,0,310,249
2,30-DEC-2004 02:31:42,182,2,72,2,2,830,0,520,253
2,30-DEC-2004 02:31:48,183,1,68,7,5,6960,0,6160,296,3570,637,2790,118,3520,118
1,30-DEC-2004 02:31:51,271,2,96,2,2,1000,0,1160,277
1,30-DEC-2004 02:31:52,272,1,76,4,2,1990,0,2760,265
1,30-DEC-2004 02:31:53,273,2,94,2,2,950,0,1110,281
1,30-DEC-2004 02:31:58,274,2,96,2,2,4430,0,8830,544
1,30-DEC-2004 02:31:58,275,1,76,2,2,900,0,950,294
1,30-DEC-2004 02:32:04,276,2,99,2,2,950,0,950,273
1,30-DEC-2004 02:32:12,277,1,84,2,2,790,0,820,283
1,30-DEC-2004 02:32:22,278,1,74,2,2,810,0,890,287
1,30-DEC-2004 02:32:30,279,1,99,2,2,890,0,990,298
1,30-DEC-2004 02:32:32,280,2,96,2,2,860,0,870,277
2,30-DEC-2004 02:32:33,184,2,99,2,2,870,0,950,273
1,30-DEC-2004 02:32:45,281,1,91,5,2,3750,0,7510,547
1,30-DEC-2004 02:32:46,282,2,91,2,2,1210,0,880,284
1,30-DEC-2004 02:32:49,283,1,88,2,2,1220,0,1140,265
2,30-DEC-2004 02:32:50,185,2,118,2,2,310,0,310,249
1,30-DEC-2004 02:33:00,284,1,82,6,3,5500,0,5340,480,4850,142
1,30-DEC-2004 02:33:05,285,1,78,2,2,1100,0,1020,262
2,30-DEC-2004 02:33:16,186,1,78,3,2,1920,0,2740,311
1,30-DEC-2004 02:33:22,286,1,79,8,2,4970,0,8020,598
2,30-DEC-2004 02:33:27,187,2,139,2,2,1580,0,1550,277
1,30-DEC-2004 02:33:33,287,2,69,2,2,1020,0,1010,303
1,30-DEC-2004 02:33:34,288,1,96,8,2,5740,0,8970,617
2,30-DEC-2004 02:33:38,188,2,110,2,2,900,0,810,274
1,30-DEC-2004 02:33:38,289,2,78,2,2,770,0,580,242
1,30-DEC-2004 02:33:39,290,1,84,2,2,970,0,910,262
1,30-DEC-2004 02:33:41,291,1,103,2,2,1070,0,850,269
1,30-DEC-2004 02:33:42,292,3,94,2,2,580,0,560,281
2,30-DEC-2004 02:33:48,189,2,99,2,2,1180,0,1860,286
2,30-DEC-2004 02:34:02,190,2,96,2,2,950,0,1110,289
2,30-DEC-2004 02:34:03,191,3,91,2,2,1260,0,890,273
2,30-DEC-2004 02:34:08,192,2,74,2,2,960,0,940,277
2,30-DEC-2004 02:34:08,193,3,110,2,2,750,0,810,288
1,30-DEC-2004 02:34:09,293,1,82,2,2,1030,0,870,265
1,30-DEC-2004 02:34:11,294,1,84,2,2,850,0,860,293
2,30-DEC-2004 02:34:10,194,3,99,2,2,870,0,820,273
2,30-DEC-2004 02:34:17,195,1,58,7,5,6460,0,11880,268,6840,595,6020,108,8190,100
2,30-DEC-2004 02:34:24,196,3,91,2,2,780,0,840,273
2,30-DEC-2004 02:34:24,197,1,68,7,5,6090,0,6120,296,2460,654,2570,118,3850,126
2,30-DEC-2004 02:34:25,198,2,78,2,2,900,0,1180,281
1,30-DEC-2004 02:34:30,295,2,76,2,2,1350,0,1690,246
1,30-DEC-2004 02:34:32,296,1,82,2,2,1240,0,1340,316
2,30-DEC-2004 02:34:31,199,2,78,2,2,870,0,500,252
1,30-DEC-2004 02:34:36,297,1,84,6,3,5050,0,5260,546,4430,135
2,30-DEC-2004 02:34:37,200,2,94,2,2,790,0,910,281
2,30-DEC-2004 02:34:47,201,1,74,2,2,1260,0,860,240
2,30-DEC-2004 02:34:57,202,2,96,2,2,820,0,930,265
2,30-DEC-2004 02:35:00,203,1,58,2,2,310,0,310,249
1,30-DEC-2004 02:35:09,298,1,88,8,2,4700,0,9390,587
2,30-DEC-2004 02:35:14,204,1,41,2,2,310,0,310,249
1,30-DEC-2004 02:35:20,299,1,82,5,2,3710,0,4600,450
2,30-DEC-2004 02:35:23,205,2,57,2,2,310,0,310,249
2,30-DEC-2004 02:35:23,206,1,65,7,5,5830,0,2410,333,1950,635,2510,113,1860,121
2,30-DEC-2004 02:35:33,207,1,88,2,2,310,0,310,249
1,30-DEC-2004 02:35:40,300,1,94,2,2,630,0,880,281
1,30-DEC-2004 02:35:40,301,2,94,4,2,970,0,1130,281
1,30-DEC-2004 02:35:49,302,2,94,2,2,1140,0,860,269
2,30-DEC-2004 02:35:50,208,2,103,2,2,880,0,960,282
2,30-DEC-2004 02:35:53,209,2,82,4,2,2200,0,2730,327
1,30-DEC-2004 02:35:55,303,2,96,2,2,830,0,520,253
1,30-DEC-2004 02:35:56,304,1,76,2,2,1050,0,1090,256
1,30-DEC-2004 02:35:57,305,2,96,2,2,1170,0,1060,277
1,30-DEC-2004 02:35:57,306,2,199,2,2,310,0,310,249
1,30-DEC-2004 02:35:57,307,1,91,2,2,1080,0,1180,296
1,30-DEC-2004 02:36:01,308,3,114,2,2,550,0,590,270
1,30-DEC-2004 02:36:03,309,1,114,2,2,1070,0,850,241
1,30-DEC-2004 02:36:06,310,2,96,2,2,900,0,950,277
1,30-DEC-2004 02:36:13,311,1,91,2,2,800,0,570,273
1,30-DEC-2004 02:36:21,312,2,88,2,2,850,0,940,276
2,30-DEC-2004 02:36:23,210,1,61,7,5,5410,0,8860,298,5550,629,4240,122,5480,106
1,30-DEC-2004 02:36:34,313,2,114,2,2,1060,0,990,270
1,30-DEC-2004 02:36:40,314,1,96,2,2,970,0,800,253
1,30-DEC-2004 02:36:43,315,2,91,2,2,870,0,1080,273
1,30-DEC-2004 02:36:43,316,3,86,2,2,710,0,810,258
1,30-DEC-2004 02:36:45,317,2,86,2,2,1040,0,860,269
2,30-DEC-2004 02:36:48,211,2,76,2,2,850,0,870,265
1,30-DEC-2004 02:36:51,318,2,96,2,2,1020,0,790,265
1,30-DEC-2004 02:37:06,319,2,86,2,2,1080,0,780,258
1,30-DEC-2004 02:37:10,320,1,94,2,2,1270,0,1230,281
2,30-DEC-2004 02:37:12,212,1,54,3,2,5350,0,7750,466
1,30-DEC-2004 02:37:18,321,2,82,2,2,1000,0,770,255
1,30-DEC-2004 02:37:22,322,1,103,5,2,3060,0,3990,411
2,30-DEC-2004 02:37:21,213,3,133,2,2,1010,0,760,265
2,30-DEC-2004 02:37:21,214,2,127,2,2,1340,0,1250,270
2,30-DEC-2004 02:37:36,215,3,96,2,2,880,0,970,277
2,30-DEC-2004 02:37:37,216,1,59,2,2,310,0,310,249
2,30-DEC-2004 02:37:46,217,1,59,3,2,4710,0,12980,443
1,30-DEC-2004 02:37:55,323,1,91,5,2,2600,0,3390,398
1,30-DEC-2004 02:38:12,324,1,106,2,2,470,0,640,292
1,30-DEC-2004 02:38:22,325,3,99,2,2,850,0,820,273
1,30-DEC-2004 02:38:24,326,1,65,7,6,6260,0,8730,358,5430,145,3870,741,6650,145,12370,137
1,30-DEC-2004 02:38:25,327,2,96,2,2,960,0,1100,277
1,30-DEC-2004 02:38:29,328,2,96,2,2,700,0,800,289
2,30-DEC-2004 02:38:27,218,2,79,2,2,860,0,880,278
1,30-DEC-2004 02:38:30,329,2,79,2,2,1150,0,1060,258
1,30-DEC-2004 02:38:31,330,3,96,2,2,550,0,600,277
1,30-DEC-2004 02:38:33,331,2,88,2,2,720,0,510,243
1,30-DEC-2004 02:38:35,332,1,91,5,2,2720,0,6780,364
1,30-DEC-2004 02:38:40,333,1,91,2,2,710,0,500,273
1,30-DEC-2004 02:38:42,334,2,91,2,2,1170,0,930,284
1,30-DEC-2004 02:38:45,335,1,103,2,2,910,0,1050,295
1,30-DEC-2004 02:38:48,336,1,110,2,2,810,0,510,274
1,30-DEC-2004 02:38:49,337,2,96,2,2,920,0,990,277
2,30-DEC-2004 02:38:46,219,3,114,2,2,810,0,770,284
2,30-DEC-2004 02:38:48,220,3,114,2,2,1250,0,960,284
2,30-DEC-2004 02:39:08,221,1,86,2,2,310,0,310,249
1,30-DEC-2004 02:39:09,338,1,74,3,2,3430,0,7510,473
1,30-DEC-2004 02:39:10,339,2,68,6,3,5940,0,5610,364,4050,126
1,30-DEC-2004 02:39:14,340,2,110,2,2,1530,0,1840,274
2,30-DEC-2004 02:39:27,222,1,65,7,5,6440,0,8260,276,5130,611,3400,113,3700,113
1,30-DEC-2004 02:39:33,341,2,86,4,2,1920,0,2840,334
2,30-DEC-2004 02:39:35,223,1,76,2,2,310,0,310,249
1,30-DEC-2004 02:39:42,342,1,82,2,2,1310,0,1140,265
1,30-DEC-2004 02:39:47,343,1,82,6,3,6250,0,6780,521,4700,152
2,30-DEC-2004 02:39:47,224,2,82,2,2,880,0,560,245
2,30-DEC-2004 02:39:47,225,1,78,9,2,1930,0,1730,281
2,30-DEC-2004 02:40:00,226,2,106,2,2,920,0,1000,278
2,30-DEC-2004 02:40:11,227,2,91,7,5,5550,0,9180,330,7150,684,6330,124,6400,124
2,30-DEC-2004 02:40:11,228,1,57,7,4,5920,0,5740,127,7450,306,6630,120
1,30-DEC-2004 02:40:18,344,1,68,6,3,6220,0,10470,381,9540,135
1,30-DEC-2004 02:40:28,345,2,94,2,2,830,0,950,281
1,30-DEC-2004 02:40:44,346,1,114,2,2,1080,0,1140,270
2,30-DEC-2004 02:41:00,229,2,82,2,2,830,0,860,265
2,30-DEC-2004 02:41:08,230,1,78,7,6,7040,0,3130,281,3210,125,2170,613,2800,116,3260,116
1,30-DEC-2004 02:41:16,347,1,69,2,2,1100,0,940,277
1,30-DEC-2004 02:41:19,348,3,91,2,2,1060,0,770,250
1,30-DEC-2004 02:41:20,349,2,79,2,2,1010,0,950,278
1,30-DEC-2004 02:41:26,350,1,94,2,2,820,0,560,257
2,30-DEC-2004 02:41:27,231,2,82,2,2,790,0,570,255
1,30-DEC-2004 02:42:14,351,1,86,2,2,970,0,900,290
2,30-DEC-2004 02:42:19,232,2,94,2,2,870,0,980,269
2,30-DEC-2004 02:42:23,233,3,110,2,2,930,0,860,274
2,30-DEC-2004 02:42:26,234,2,84,2,2,620,0,470,251
2,30-DEC-2004 02:42:31,235,1,84,2,2,310,0,310,249
2,30-DEC-2004 02:42:33,236,2,86,2,2,890,0,580,258
2,30-DEC-2004 02:42:35,237,2,96,2,2,1170,0,1170,289
2,30-DEC-2004 02:42:37,238,1,69,9,2,7150,0,13180,503
2,30-DEC-2004 02:42:50,239,2,99,2,2,1390,0,1360,298
1,30-DEC-2004 02:43:11,352,2,127,2,2,1030,0,790,270
1,30-DEC-2004 02:43:12,353,1,99,2,2,710,0,690,286
1,30-DEC-2004 02:43:17,354,2,94,2,2,1150,0,950,269
2,30-DEC-2004 02:43:37,240,2,103,2,2,1060,0,700,244
2,30-DEC-2004 02:43:39,241,3,103,2,2,780,0,820,269
1,30-DEC-2004 02:43:40,355,2,94,2,2,990,0,1130,269
2,30-DEC-2004 02:43:40,242,2,99,2,2,1190,0,810,273
1,30-DEC-2004 02:43:43,356,2,91,2,2,1010,0,730,250
1,30-DEC-2004 02:43:47,357,1,86,6,2,4600,0,6900,604
2,30-DEC-2004 02:43:48,243,2,103,2,2,1500,0,1450,269
1,30-DEC-2004 02:43:54,358,1,78,7,6,6330,0,5050,340,4690,135,3350,662,3270,135,2880,135
2,30-DEC-2004 02:43:54,244,2,86,2,2,1630,0,1580,269
2,30-DEC-2004 02:43:55,245,1,68,3,2,3050,0,6280,390
1,30-DEC-2004 02:44:05,359,1,68,2,3,6700,0,5960,569,9080,160
2,30-DEC-2004 02:44:03,246,1,60,7,5,5560,0,4420,315,1770,640,2490,119,2480,112
1,30-DEC-2004 02:44:14,360,1,94,2,2,730,0,440,234
1,30-DEC-2004 02:44:15,361,2,88,2,2,810,0,870,276
1,30-DEC-2004 02:44:25,362,2,72,2,2,530,0,410,208
1,30-DEC-2004 02:44:25,363,1,86,2,2,800,0,770,247
1,30-DEC-2004 02:44:26,364,1,76,4,2,2210,0,2250,351
1,30-DEC-2004 02:44:37,365,3,103,2,2,590,0,360,256
1,30-DEC-2004 02:44:37,366,2,106,2,2,810,0,640,238
1,30-DEC-2004 02:44:46,367,3,127,2,2,780,0,730,254
1,30-DEC-2004 02:44:47,368,3,123,2,2,640,0,830,260
1,30-DEC-2004 02:44:49,369,2,99,2,2,770,0,670,261
2,30-DEC-2004 02:44:56,247,2,127,2,2,310,0,310,249
1,30-DEC-2004 02:45:12,370,1,127,2,2,1000,0,1250,302
1,30-DEC-2004 02:45:13,371,3,91,2,2,660,0,700,261
1,30-DEC-2004 02:45:16,372,2,74,2,2,940,0,900,259
1,30-DEC-2004 02:45:18,373,1,96,2,2,950,0,980,289
2,30-DEC-2004 02:45:18,248,2,106,2,2,980,0,840,265
1,30-DEC-2004 02:45:21,374,1,88,2,2,940,0,910,276
2,30-DEC-2004 02:45:22,249,2,72,2,2,800,0,490,244
2,30-DEC-2004 02:45:24,250,3,96,2,2,840,0,860,265
2,30-DEC-2004 02:45:25,251,2,79,2,2,1610,0,810,248
1,30-DEC-2004 02:45:31,375,2,106,2,2,1010,0,1270,278
2,30-DEC-2004 02:45:37,252,1,78,2,2,310,0,310,249
1,30-DEC-2004 02:45:44,376,1,84,8,2,5780,0,9620,588
1,30-DEC-2004 02:46:00,377,1,94,2,2,780,0,890,281
2,30-DEC-2004 02:46:00,253,1,84,2,2,310,0,310,249
2,30-DEC-2004 02:46:02,254,2,94,2,2,810,0,930,281
1,30-DEC-2004 02:46:06,378,1,99,2,2,750,0,860,286
2,30-DEC-2004 02:46:06,255,3,123,2,2,710,0,770,260
2,30-DEC-2004 02:46:10,256,2,118,2,2,810,0,960,265
2,30-DEC-2004 02:46:21,257,2,66,5,2,3960,0,5420,373
2,30-DEC-2004 02:46:28,258,1,57,7,5,6180,0,10780,291,7440,634,5600,113,7070,113
2,30-DEC-2004 02:46:31,259,1,62,8,3,6060,0,5360,540,8380,155
2,30-DEC-2004 02:46:32,260,3,84,2,2,790,0,820,262
2,30-DEC-2004 02:46:33,261,2,96,2,2,890,0,930,265
1,30-DEC-2004 02:46:58,379,1,103,2,2,990,0,1120,282
1,30-DEC-2004 02:47:00,380,1,86,2,2,1310,0,860,258
1,30-DEC-2004 02:47:05,381,2,86,2,2,840,0,990,269
1,30-DEC-2004 02:47:06,382,1,71,5,2,5260,0,7400,576
1,30-DEC-2004 02:47:45,383,1,118,2,2,310,0,310,249
1,30-DEC-2004 02:47:45,384,2,96,2,2,3810,0,7000,532
1,30-DEC-2004 02:47:49,385,1,71,2,2,1050,0,690,265
2,30-DEC-2004 02:48:01,262,1,106,2,2,310,0,310,249
2,30-DEC-2004 02:48:10,263,1,86,2,2,310,0,310,249
2,30-DEC-2004 02:48:22,264,2,103,2,2,910,0,880,282
2,30-DEC-2004 02:48:32,265,3,79,2,2,490,0,990,278
1,30-DEC-2004 02:48:42,386,1,110,2,2,920,0,590,288
2,30-DEC-2004 02:48:53,266,2,103,2,2,890,0,920,269
1,30-DEC-2004 02:48:53,387,2,91,2,2,1190,0,900,273
1,30-DEC-2004 02:48:55,388,1,106,2,2,1080,0,960,278
2,30-DEC-2004 02:49:04,267,3,94,2,2,820,0,900,269
2,30-DEC-2004 02:49:05,268,2,86,2,2,850,0,860,269
1,30-DEC-2004 02:49:27,389,1,94,7,5,5360,0,6650,375,3680,845,3590,151,3810,151
2,30-DEC-2004 02:49:32,269,1,96,3,2,2290,0,2080,374
1,30-DEC-2004 02:49:42,390,2,79,2,2,1000,0,690,268
2,30-DEC-2004 02:49:58,270,1,94,2,2,310,0,310,249
1,30-DEC-2004 02:50:11,391,3,94,2,2,600,0,570,269
2,30-DEC-2004 02:50:10,271,1,61,2,2,310,0,310,249
1,30-DEC-2004 02:50:13,392,2,106,2,2,870,0,970,265
2,30-DEC-2004 02:50:12,272,2,99,2,2,910,0,940,273
2,30-DEC-2004 02:50:13,273,2,103,2,2,960,0,990,269
1,30-DEC-2004 02:50:25,393,2,79,2,2,860,0,650,268
1,30-DEC-2004 02:50:28,394,1,88,2,2,780,0,590,254
1,30-DEC-2004 02:50:40,395,2,79,8,3,6050,0,5520,568,8590,168
1,30-DEC-2004 02:50:40,396,1,86,5,2,2740,0,3080,474
1,30-DEC-2004 02:50:53,397,2,78,2,2,1200,0,860,281
1,30-DEC-2004 02:50:55,398,1,84,5,2,3930,0,5300,546
1,30-DEC-2004 02:51:06,399,2,123,2,2,680,0,740,275
1,30-DEC-2004 02:51:49,400,1,78,7,6,6010,0,5440,330,3280,145,3950,701,3060,145,3900,145
1,30-DEC-2004 02:51:54,401,1,96,5,2,2380,0,3580,362
2,30-DEC-2004 02:51:54,274,2,86,2,2,1270,0,1060,247
2,30-DEC-2004 02:51:59,275,2,76,2,2,880,0,860,275
2,30-DEC-2004 02:52:03,276,2,76,2,2,840,0,760,256
2,30-DEC-2004 02:52:17,277,2,123,2,2,1100,0,730,275
2,30-DEC-2004 02:52:18,278,1,69,7,4,7260,0,13280,294,10040,624,12250,103
1,30-DEC-2004 02:52:36,402,1,76,5,2,2180,0,3960,579
2,30-DEC-2004 02:52:39,279,2,106,6,2,3480,0,5590,465
2,30-DEC-2004 02:52:40,280,2,106,2,2,840,0,860,265
2,30-DEC-2004 02:52:43,281,1,72,2,2,310,0,310,249
2,30-DEC-2004 02:52:47,282,2,96,2,2,950,0,990,277
1,30-DEC-2004 02:52:49,403,1,82,2,2,940,0,1020,286
2,30-DEC-2004 02:52:50,283,2,94,2,2,930,0,970,269
1,30-DEC-2004 02:52:53,404,3,177,2,2,560,0,450,287
1,30-DEC-2004 02:52:54,405,2,168,2,2,1400,0,980,293
1,30-DEC-2004 02:52:55,406,1,57,2,2,540,0,310,241
1,30-DEC-2004 02:53:01,407,1,79,6,3,5480,0,5240,498,4030,148
1,30-DEC-2004 02:53:09,408,2,106,2,2,880,0,1090,278
1,30-DEC-2004 02:53:09,409,1,86,2,2,5770,0,10250,625
2,30-DEC-2004 02:53:13,284,1,65,2,2,310,0,310,249
1,30-DEC-2004 02:53:14,410,3,106,2,2,510,0,440,252
1,30-DEC-2004 02:53:16,411,2,110,2,2,870,0,800,288
1,30-DEC-2004 02:53:20,412,1,68,5,2,2710,0,3500,347
2,30-DEC-2004 02:53:29,285,2,114,2,2,900,0,990,270
1,30-DEC-2004 02:53:31,413,2,106,2,2,1150,0,1080,278
2,30-DEC-2004 02:53:43,286,1,91,3,2,2380,0,1230,318
2,30-DEC-2004 02:53:47,287,1,65,7,5,5720,0,5090,292,2560,635,2350,121,2320,121
2,30-DEC-2004 02:53:48,288,2,91,2,2,910,0,930,273
2,30-DEC-2004 02:54:08,289,2,82,2,2,880,0,820,265
2,30-DEC-2004 02:54:21,290,1,69,7,5,6510,0,8570,268,5190,607,4240,112,5400,103
2,30-DEC-2004 02:54:43,291,1,72,8,3,7340,0,11410,407,8650,117
2,30-DEC-2004 02:54:49,292,1,63,7,5,6880,0,7730,310,5840,630,4060,118,3450,110
1,30-DEC-2004 02:54:56,414,1,76,7,6,6320,0,4790,294,2770,141,2400,684,2410,132,3820,132
1,30-DEC-2004 02:54:59,415,2,86,2,2,980,0,720,258
2,30-DEC-2004 02:55:01,293,1,72,8,2,6450,0,10870,498
2,30-DEC-2004 02:55:26,294,1,86,6,2,2920,0,3600,344
2,30-DEC-2004 02:55:30,295,3,84,2,2,840,0,870,262
2,30-DEC-2004 02:55:30,296,1,91,2,2,310,0,310,249
1,30-DEC-2004 02:55:32,416,1,99,6,2,4060,0,7560,611
1,30-DEC-2004 02:55:38,417,3,91,2,2,310,0,310,249
1,30-DEC-2004 02:55:38,418,2,96,4,2,710,0,550,229
1,30-DEC-2004 02:55:38,419,1,94,2,2,1040,0,1040,269
1,30-DEC-2004 02:55:38,420,2,84,2,2,1060,0,810,262
1,30-DEC-2004 02:55:54,421,1,78,2,2,1000,0,730,262
1,30-DEC-2004 02:55:55,422,2,78,2,2,1050,0,780,262
1,30-DEC-2004 02:55:58,423,1,76,2,2,870,0,510,246
1,30-DEC-2004 02:56:01,424,1,82,8,2,5710,0,9300,634
1,30-DEC-2004 02:56:07,425,1,68,8,2,5070,0,7190,603
1,30-DEC-2004 02:56:10,426,1,79,2,2,810,0,740,268
1,30-DEC-2004 02:56:21,427,2,78,5,2,3490,0,6220,564
1,30-DEC-2004 02:56:56,428,1,84,6,3,6740,0,7020,493,5710,146
1,30-DEC-2004 02:57:02,429,1,88,2,2,770,0,940,287
2,30-DEC-2004 02:57:09,297,2,82,2,2,670,0,380,234
1,30-DEC-2004 02:57:12,430,2,79,2,2,830,0,620,258
2,30-DEC-2004 02:57:17,298,2,78,6,2,5780,0,6870,447
2,30-DEC-2004 02:57:19,299,1,58,8,3,5730,0,5420,522,7980,151
2,30-DEC-2004 02:57:20,300,1,65,2,2,310,0,310,249
1,30-DEC-2004 02:57:25,431,2,74,5,2,2440,0,3850,380
2,30-DEC-2004 02:57:24,301,1,65,7,5,6070,0,4030,300,3440,611,2390,113,3460,113
1,30-DEC-2004 02:57:29,432,1,84,3,2,1660,0,1740,367
1,30-DEC-2004 02:57:30,433,2,110,2,2,1060,0,1160,274
1,30-DEC-2004 02:57:31,434,3,99,2,2,620,0,560,273
1,30-DEC-2004 02:57:32,435,2,99,2,2,960,0,600,236
1,30-DEC-2004 02:57:32,436,1,82,2,2,1420,0,1390,286
1,30-DEC-2004 02:57:35,437,2,103,2,2,870,0,970,269
1,30-DEC-2004 02:57:42,438,2,79,2,2,880,0,930,278
2,30-DEC-2004 02:57:47,302,2,99,2,2,1350,0,1220,248
1,30-DEC-2004 02:58:00,439,1,110,3,2,1310,0,1060,302
2,30-DEC-2004 02:58:06,303,1,62,2,2,310,0,310,249
2,30-DEC-2004 02:58:09,304,3,99,2,2,820,0,800,273
2,30-DEC-2004 02:58:10,305,2,114,2,2,310,0,310,249
2,30-DEC-2004 02:58:12,306,1,78,3,2,3170,0,5500,330
2,30-DEC-2004 02:58:14,307,2,99,2,2,740,0,950,261
2,30-DEC-2004 02:58:30,308,2,96,2,2,1100,0,970,277
1,30-DEC-2004 02:58:38,440,1,86,2,2,870,0,920,290
1,30-DEC-2004 02:58:39,441,2,94,2,2,910,0,1210,269
2,30-DEC-2004 02:58:46,309,1,59,7,4,4750,0,5550,147,2600,302,2620,117
1,30-DEC-2004 02:58:47,442,2,79,2,2,840,0,760,268
1,30-DEC-2004 02:58:48,443,1,71,5,2,4390,0,7130,594
2,30-DEC-2004 02:58:53,310,3,88,2,2,960,0,1000,276
2,30-DEC-2004 02:58:54,311,2,110,2,2,310,0,310,249
1,30-DEC-2004 02:58:55,444,2,110,2,2,950,0,730,247
2,30-DEC-2004 02:58:55,312,2,71,2,2,860,0,880,274
1,30-DEC-2004 02:59:06,445,2,86,2,2,990,0,810,269
1,30-DEC-2004 02:59:18,446,2,86,2,2,1220,0,1040,269
1,30-DEC-2004 02:59:23,447,1,91,2,2,940,0,970,284
1,30-DEC-2004 02:59:23,448,2,99,2,2,1090,0,1070,286
2,30-DEC-2004 02:59:36,313,2,96,2,2,860,0,960,265
1,30-DEC-2004 02:59:45,449,1,82,2,2,630,0,400,234
